"Izdatki gospodinjstev za koncno potro?njo po vrsti proizvodov in namenu, Slovenija, letno",,,,,,,,,,,,,,,,,,,,,,,,,,
,,,,,,,,,,,,,,,,,,,,,,,,,,
TRANSAKCIJE,MERITVE,1995,1996,1997,1998,1999,2000,2001,2002,2003,2004,2005,2006,2007,2008,2009,2010,2011,2012,2013,2014,2015,2016,2017,2018,2019
Hrana in brezalkoholne pijace,Tekoce cene (mio EUR),1133.3,1272.0,1435.4,1570.1,1700.9,1814.5,2029.3,2179.0,2338.9,2366.2,2377.4,2412.4,2642.4,2936.7,2996.6,3045.9,3238.8,3307.8,3236.4,3242.5,3285.4,3375.4,3422.2,3508.4,...
Hrana in brezalkoholne pijace,Tekoce cene (% od izdatkov gospodinjstev za koncno potro?njo po domacem konceptu),17.8,17.3,17.4,17.5,16.9,16.6,16.8,16.4,16.2,15.4,14.6,14.3,14.2,14.5,14.5,14.3,14.9,15.2,15.1,15.0,14.9,14.8,14.4,14.0,-
Hrana in brezalkoholne pijace,Stalne cene predhodnega leta (mio EUR),...,1160.4,1325.8,1451.2,1631.4,1715.8,1852.7,2029.9,2237.5,2355.4,2397.6,2357.9,2451.4,2675.8,2988.6,3019.1,3105.4,3184.4,3114.5,3255.1,3261.9,3353.4,3347.1,3427.1,...
Hrana in brezalkoholne pijace,"Stalne cene, referencno leto 2010 (mio EUR)",2404.6,2462.2,2566.4,2594.8,2696.1,2719.7,2776.9,2777.8,2852.4,2872.4,2910.5,2886.7,2933.4,2970.6,3023.1,3045.9,3105.4,3053.2,2874.8,2891.4,2908.7,2968.9,2944.0,2948.2,...
Hrana in brezalkoholne pijace,Letna sprememba obsega (%),...,2.4,4.2,1.1,3.9,0.9,2.1,0.0,2.7,0.7,1.3,-0.8,1.6,1.3,1.8,0.8,2.0,-1.7,-5.8,0.6,0.6,2.1,-0.8,0.1,...
..Hrana,Tekoce cene (mio EUR),1025.4,1155.3,1296.7,1423.6,1537.3,1645.9,1850.7,1984.1,2125.1,2140.1,2142.1,2171.0,2366.2,2643.0,2701.8,2745.3,2902.0,2978.6,2939.2,2943.0,2985.9,3071.8,3102.0,3163.9,...
..Hrana,Tekoce cene (% od izdatkov gospodinjstev za koncno potro?njo po domacem konceptu),16.1,15.7,15.7,15.9,15.3,15.1,15.3,14.9,14.7,13.9,13.2,12.9,12.7,13.1,13.1,12.9,13.3,13.7,13.7,13.6,13.6,13.5,13.1,12.6,-
..Hrana,Stalne cene predhodnega leta (mio EUR),...,1050.9,1193.2,1315.0,1479.0,1555.7,1680.7,1847.3,2034.2,2132.1,2158.0,2124.8,2188.1,2393.6,2699.6,2720.0,2779.2,2870.2,2820.2,2949.5,2965.4,3053.2,3029.6,3087.0,...
..Hrana,"Stalne cene, referencno leto 2010 (mio EUR)",2212.6,2267.5,2341.8,2374.8,2467.2,2496.9,2549.7,2545.1,2609.3,2617.9,2639.7,2618.4,2639.1,2669.8,2726.9,2745.3,2779.2,2748.8,2602.6,2611.6,2631.5,2690.8,2653.8,2641.1,...
..Hrana,Letna sprememba obsega (%),...,2.5,3.3,1.4,3.9,1.2,2.1,-0.2,2.5,0.3,0.8,-0.8,0.8,1.2,2.1,0.7,1.2,-1.1,-5.3,0.3,0.8,2.3,-1.4,-0.5,...
..Brezalkoholne pijace,Tekoce cene (mio EUR),107.8,116.6,138.6,146.5,163.6,168.7,178.6,194.9,213.8,226.1,235.3,241.4,276.2,293.6,294.8,300.6,336.8,329.2,297.2,299.4,299.5,303.6,320.3,344.4,...
..Brezalkoholne pijace,Tekoce cene (% od izdatkov gospodinjstev za koncno potro?njo po domacem konceptu),1.7,1.6,1.7,1.6,1.6,1.5,1.5,1.5,1.5,1.5,1.4,1.4,1.5,1.5,1.4,1.4,1.5,1.5,1.4,1.4,1.4,1.3,1.3,1.4,-
..Brezalkoholne pijace,Stalne cene predhodnega leta (mio EUR),...,109.5,132.6,136.2,152.4,160.0,172.0,182.5,203.3,223.3,239.6,233.1,263.3,282.2,289.1,299.1,326.2,314.2,294.3,305.6,296.5,300.3,317.5,340.1,...
..Brezalkoholne pijace,"Stalne cene, referencno leto 2010 (mio EUR)",196.1,199.2,226.5,222.6,231.5,226.4,230.9,236.1,246.3,257.2,272.5,270.1,294.6,300.9,296.2,300.6,326.2,304.3,272.0,279.7,276.9,277.7,290.3,308.3,...
..Brezalkoholne pijace,Letna sprememba obsega (%),...,1.6,13.7,-1.7,4.0,-2.2,2.0,2.2,4.3,4.4,6.0,-0.9,9.1,2.2,-1.6,1.5,8.5,-6.7,-10.6,2.8,-1.0,0.3,4.6,6.2,...
"Alkoholne pijace, tobak in mamila",Tekoce cene (mio EUR),393.9,437.8,463.2,473.6,504.9,588.8,636.7,677.0,745.2,736.2,806.7,860.0,931.6,1004.3,1073.3,1117.1,1199.6,1189.9,1153.9,1179.2,1203.7,1193.0,1221.3,1218.7,...
"Alkoholne pijace, tobak in mamila",Tekoce cene (% od izdatkov gospodinjstev za koncno potro?njo po domacem konceptu),6.2,6.0,5.6,5.3,5.0,5.4,5.3,5.1,5.1,4.8,5.0,5.1,5.0,5.0,5.2,5.3,5.5,5.5,5.4,5.4,5.5,5.2,5.1,4.9,-
"Alkoholne pijace, tobak in mamila",Stalne cene predhodnega leta (mio EUR),...,387.5,420.9,440.8,480.1,550.7,597.8,609.5,655.0,750.2,780.7,818.8,875.3,1008.8,981.5,1047.7,1124.1,1141.1,1089.7,1142.1,1183.1,1179.1,1189.6,1204.5,...
"Alkoholne pijace, tobak in mamila","Stalne cene, referencno leto 2010 (mio EUR)",1047.9,1030.8,990.9,943.0,956.0,1042.7,1058.6,1013.4,980.5,987.0,1046.7,1062.4,1081.3,1170.9,1144.4,1117.1,1124.1,1069.3,979.3,969.3,972.5,952.6,949.8,936.8,...
"Alkoholne pijace, tobak in mamila",Letna sprememba obsega (%),...,-1.6,-3.9,-4.8,1.4,9.1,1.5,-4.3,-3.2,0.7,6.1,1.5,1.8,8.3,-2.3,-2.4,0.6,-4.9,-8.4,-1.0,0.3,-2.0,-0.3,-1.4,...
..Alkoholne pijace,Tekoce cene (mio EUR),175.6,187.9,198.5,196.6,212.7,231.9,249.3,261.9,281.0,278.4,293.5,294.3,315.5,328.8,325.2,337.9,351.8,346.9,359.5,364.8,378.5,374.2,379.7,406.8,...
..Alkoholne pijace,Tekoce cene (% od izdatkov gospodinjstev za koncno potro?njo po domacem konceptu),2.8,2.6,2.4,2.2,2.1,2.1,2.1,2.0,1.9,1.8,1.8,1.7,1.7,1.6,1.6,1.6,1.6,1.6,1.7,1.7,1.7,1.6,1.6,1.6,-
..Alkoholne pijace,Stalne cene predhodnega leta (mio EUR),...,161.7,179.8,186.5,213.3,226.1,235.0,248.3,263.2,283.5,299.4,293.2,304.2,314.8,301.0,325.8,339.0,328.9,343.9,358.3,375.4,372.2,381.3,394.0,...
..Alkoholne pijace,"Stalne cene, referencno leto 2010 (mio EUR)",340.1,313.1,299.6,281.5,305.5,324.8,329.1,327.7,329.4,332.4,357.5,357.1,369.2,368.4,337.2,337.9,339.0,316.9,314.1,313.1,322.2,316.8,322.8,335.0,...
..Alkoholne pijace,Letna sprememba obsega (%),...,-7.9,-4.3,-6.1,8.5,6.3,1.3,-0.4,0.5,0.9,7.5,-0.1,3.4,-0.2,-8.5,0.2,0.3,-6.5,-0.9,-0.3,2.9,-1.7,1.9,3.8,...
..Tobak,Tekoce cene (mio EUR),182.1,206.4,215.2,225.1,234.2,288.6,310.0,329.3,366.4,376.7,434.2,472.5,516.1,587.6,620.1,649.0,704.4,708.5,656.3,681.5,692.5,682.2,707.3,685.8,...
..Tobak,Tekoce cene (% od izdatkov gospodinjstev za koncno potro?njo po domacem konceptu),2.9,2.8,2.6,2.5,2.3,2.6,2.6,2.5,2.5,2.5,2.7,2.8,2.8,2.9,3.0,3.1,3.2,3.3,3.1,3.1,3.1,3.0,3.0,2.7,-
..Tobak,Stalne cene predhodnega leta (mio EUR),...,186.5,194.6,204.1,211.0,260.0,285.4,275.4,312.1,340.0,402.4,444.1,475.7,572.7,587.7,591.6,657.7,660.9,601.6,650.9,675.0,682.2,682.7,678.4,...
..Tobak,"Stalne cene, referencno leto 2010 (mio EUR)",757.2,775.4,731.0,693.2,649.5,721.2,713.3,633.6,600.5,557.2,595.2,608.7,612.9,680.1,680.2,649.0,657.7,617.1,524.0,519.6,514.7,507.0,507.4,486.6,...
..Tobak,Letna sprememba obsega (%),...,2.4,-5.7,-5.2,-6.3,11.0,-1.1,-11.2,-5.2,-7.2,6.8,2.3,0.7,11.0,0.0,-4.6,1.3,-6.2,-15.1,-0.8,-1.0,-1.5,0.1,-4.1,...
..Mamila,Tekoce cene (mio EUR),36.2,43.5,49.5,51.8,58.0,68.3,77.4,85.8,97.9,81.1,79.0,93.3,99.9,87.9,128.1,130.2,143.3,134.5,138.1,132.9,132.7,136.6,134.4,126.1,...
..Mamila,Tekoce cene (% od izdatkov gospodinjstev za koncno potro?njo po domacem konceptu),0.6,0.6,0.6,0.6,0.6,0.6,0.6,0.6,0.7,0.5,0.5,0.6,0.5,0.4,0.6,0.6,0.7,0.6,0.6,0.6,0.6,0.6,0.6,0.5,-
..Mamila,Stalne cene predhodnega leta (mio EUR),...,39.3,46.5,50.2,55.8,64.5,77.4,85.8,79.7,126.7,79.0,81.5,95.4,121.2,92.8,130.2,127.4,151.3,144.2,132.9,132.7,124.7,125.6,132.2,...
..Mamila,"Stalne cene, referencno leto 2010 (mio EUR)",45.6,49.5,52.9,53.7,57.9,64.3,72.9,80.8,75.1,97.2,94.6,97.7,99.9,121.2,128.1,130.2,127.4,134.5,144.2,138.8,138.6,130.3,119.8,117.8,...
..Mamila,Letna sprememba obsega (%),...,8.7,6.8,1.5,7.7,11.2,13.3,10.9,-7.1,29.5,-2.6,3.2,2.3,21.3,5.7,1.7,-2.2,5.6,7.2,-3.8,-0.2,-6.0,-8.0,-1.6,...
Oblacila in obutev,Tekoce cene (mio EUR),392.0,429.8,480.1,535.3,610.4,653.8,749.2,793.4,866.7,866.4,886.1,876.6,1036.3,1100.6,1134.9,1179.9,1206.9,1181.4,1049.9,1135.2,1127.1,1301.1,1293.1,1345.7,...
Oblacila in obutev,Tekoce cene (% od izdatkov gospodinjstev za koncno potro?njo po domacem konceptu),6.1,5.8,5.8,6.0,6.1,6.0,6.2,6.0,6.0,5.6,5.5,5.2,5.6,5.4,5.5,5.6,5.5,5.4,4.9,5.2,5.1,5.7,5.4,5.4,-
Oblacila in obutev,Stalne cene predhodnega leta (mio EUR),...,404.7,450.0,505.6,575.2,611.8,735.5,769.1,815.6,852.5,895.3,880.9,1014.7,1053.4,1143.7,1212.8,1226.2,1182.9,1050.6,1151.1,1139.0,1306.6,1288.2,1330.9,...
Oblacila in obutev,"Stalne cene, referencno leto 2010 (mio EUR)",614.0,633.9,663.7,698.9,751.0,752.8,846.9,869.3,893.6,878.9,908.3,902.9,1045.2,1062.5,1104.1,1179.9,1226.2,1201.9,1068.8,1171.7,1175.6,1362.9,1349.4,1388.8,...
Oblacila in obutev,Letna sprememba obsega (%),...,3.2,4.7,5.3,7.5,0.2,12.5,2.7,2.8,-1.6,3.3,-0.6,15.8,1.7,3.9,6.9,3.9,-2.0,-11.1,9.6,0.3,15.9,-1.0,2.9,...
..Oblacila,Tekoce cene (mio EUR),308.7,336.8,377.7,419.0,480.0,501.7,575.7,602.5,649.3,668.3,683.2,675.1,795.4,829.1,866.5,898.7,918.3,898.7,832.8,914.1,899.6,1051.3,1032.3,1060.2,...
..Oblacila,Tekoce cene (% od izdatkov gospodinjstev za koncno potro?njo po domacem konceptu),4.8,4.6,4.6,4.7,4.8,4.6,4.8,4.5,4.5,4.4,4.2,4.0,4.3,4.1,4.2,4.2,4.2,4.1,3.9,4.2,4.1,4.6,4.3,4.2,-
..Oblacila,Stalne cene predhodnega leta (mio EUR),...,315.9,352.7,396.1,452.4,468.8,563.2,589.4,611.9,655.7,696.2,680.5,778.4,799.1,872.5,928.2,938.0,906.2,831.9,928.1,906.7,1065.8,1035.2,1043.7,...
..Oblacila,"Stalne cene, referencno leto 2010 (mio EUR)",474.8,485.8,508.6,533.3,575.9,562.5,631.5,646.5,656.6,663.1,690.9,688.2,793.5,797.2,838.9,898.7,938.0,925.6,856.9,955.0,947.3,1122.3,1105.1,1117.3,...
..Oblacila,Letna sprememba obsega (%),...,2.3,4.7,4.9,8.0,-2.3,12.3,2.4,1.6,1.0,4.2,-0.4,15.3,0.5,5.2,7.1,4.4,-1.3,-7.4,11.5,-0.8,18.5,-1.5,1.1,...
..Obutev,Tekoce cene (mio EUR),83.3,93.0,102.4,116.3,130.4,152.1,173.5,190.9,217.5,198.1,202.9,201.5,240.9,271.5,268.5,281.1,288.5,282.7,217.2,221.2,227.5,249.8,260.8,285.5,...
..Obutev,Tekoce cene (% od izdatkov gospodinjstev za koncno potro?njo po domacem konceptu),1.3,1.3,1.2,1.3,1.3,1.4,1.4,1.4,1.5,1.3,1.3,1.2,1.3,1.3,1.3,1.3,1.3,1.3,1.0,1.0,1.0,1.1,1.1,1.1,-
..Obutev,Stalne cene predhodnega leta (mio EUR),...,88.8,97.4,109.5,122.7,143.0,172.3,179.7,203.7,196.7,199.1,200.4,236.4,254.3,271.1,284.6,288.2,276.7,218.6,223.0,232.3,240.9,253.0,287.2,...
..Obutev,"Stalne cene, referencno leto 2010 (mio EUR)",138.1,147.2,154.2,164.9,174.0,190.8,216.2,223.9,238.9,216.1,217.1,214.4,251.5,265.5,265.2,281.1,288.2,276.4,213.7,219.4,230.5,244.0,247.2,272.2,...
..Obutev,Letna sprememba obsega (%),...,6.6,4.7,6.9,5.6,9.7,13.3,3.6,6.7,-9.5,0.5,-1.3,17.3,5.6,-0.1,6.0,2.5,-4.1,-22.7,2.7,5.0,5.9,1.3,10.1,...
"Stanovanja, voda, elektricna energija, plin in druga goriva",Tekoce cene (mio EUR),1148.9,1351.1,1516.7,1666.1,1853.3,2084.9,2328.2,2515.7,2646.9,2864.7,3101.6,3242.1,3420.9,3778.7,4095.7,4217.7,4255.4,4271.2,4369.1,4270.5,4350.6,4443.2,4559.8,4769.9,...
"Stanovanja, voda, elektricna energija, plin in druga goriva",Tekoce cene (% od izdatkov gospodinjstev za koncno potro?njo po domacem konceptu),18.0,18.4,18.4,18.6,18.4,19.1,19.2,18.9,18.3,18.7,19.1,19.3,18.3,18.7,19.9,19.8,19.6,19.6,20.4,19.7,19.8,19.5,19.2,19.0,-
"Stanovanja, voda, elektricna energija, plin in druga goriva",Stalne cene predhodnega leta (mio EUR),...,1188.3,1370.9,1538.8,1706.6,1878.4,2129.6,2350.5,2552.8,2728.8,2945.3,3135.5,3315.6,3521.1,3955.9,4144.9,4176.4,4249.0,4154.6,4314.2,4277.7,4424.3,4440.9,4581.1,...
"Stanovanja, voda, elektricna energija, plin in druga goriva","Stalne cene, referencno leto 2010 (mio EUR)",3051.4,3156.0,3202.1,3248.7,3327.7,3372.8,3445.0,3478.0,3529.4,3638.6,3741.0,3781.8,3867.6,3980.9,4167.6,4217.7,4176.4,4170.2,4056.4,4005.4,4012.2,4080.2,4078.1,4097.1,...
"Stanovanja, voda, elektricna energija, plin in druga goriva",Letna sprememba obsega (%),...,3.4,1.5,1.5,2.4,1.4,2.1,1.0,1.5,3.1,2.8,1.1,2.3,2.9,4.7,1.2,-1.0,-0.1,-2.7,-1.3,0.2,1.7,-0.1,0.5,...
..Dejanske najemnine za stanovanje,Tekoce cene (mio EUR),31.1,35.5,39.7,43.5,47.5,52.9,59.6,66.0,77.9,90.4,99.9,107.0,114.8,123.6,154.8,153.1,143.6,138.9,134.3,130.6,132.9,135.4,139.8,146.5,...
..Dejanske najemnine za stanovanje,Tekoce cene (% od izdatkov gospodinjstev za koncno potro?njo po domacem konceptu),0.5,0.5,0.5,0.5,0.5,0.5,0.5,0.5,0.5,0.6,0.6,0.6,0.6,0.6,0.8,0.7,0.7,0.6,0.6,0.6,0.6,0.6,0.6,0.6,-
..Dejanske najemnine za stanovanje,Stalne cene predhodnega leta (mio EUR),...,31.5,35.9,40.3,44.2,50.2,54.6,60.7,74.1,87.3,96.5,103.7,111.3,112.4,129.2,153.4,144.2,141.2,135.8,131.6,130.3,133.2,132.8,138.0,...
..Dejanske najemnine za stanovanje,"Stalne cene, referencno leto 2010 (mio EUR)",88.9,90.1,91.3,92.5,93.8,99.1,102.2,104.1,116.8,131.0,139.8,145.0,150.9,147.8,154.5,153.1,144.2,141.7,138.6,135.8,135.6,135.9,133.3,131.5,...
..Dejanske najemnine za stanovanje,Letna sprememba obsega (%),...,1.4,1.3,1.3,1.5,5.6,3.2,1.8,12.2,12.1,6.8,3.7,4.1,-2.1,4.5,-0.9,-5.8,-1.7,-2.2,-2.0,-0.2,0.2,-1.9,-1.3,...
..Pripisane najemnine za stanovanje,Tekoce cene (mio EUR),743.1,871.2,958.2,1051.0,1143.5,1282.0,1431.7,1559.6,1612.4,1719.4,1814.7,1878.6,1969.7,2114.1,2362.5,2239.5,2194.9,2150.6,2308.1,2264.3,2392.4,2460.1,2536.3,2647.5,...
..Pripisane najemnine za stanovanje,Tekoce cene (% od izdatkov gospodinjstev za koncno potro?njo po domacem konceptu),11.7,11.9,11.6,11.7,11.3,11.7,11.8,11.7,11.1,11.2,11.2,11.2,10.6,10.4,11.5,10.5,10.1,9.9,10.8,10.5,10.9,10.8,10.7,10.6,-
..Pripisane najemnine za stanovanje,Stalne cene predhodnega leta (mio EUR),...,756.5,885.2,975.0,1068.8,1161.9,1321.1,1454.9,1569.4,1650.4,1764.9,1842.9,1915.0,1996.2,2147.3,2386.8,2265.5,2208.7,2154.1,2323.4,2276.4,2408.7,2477.4,2555.1,...
..Pripisane najemnine za stanovanje,"Stalne cene, referencno leto 2010 (mio EUR)",1728.0,1759.0,1787.2,1818.5,1849.3,1878.9,1936.3,1967.6,1979.9,2026.6,2080.2,2112.5,2153.4,2182.5,2216.8,2239.5,2265.5,2279.8,2283.6,2298.8,2311.1,2326.9,2343.3,2360.7,...
..Pripisane najemnine za stanovanje,Letna sprememba obsega (%),...,1.8,1.6,1.8,1.7,1.6,3.1,1.6,0.6,2.4,2.6,1.6,1.9,1.3,1.6,1.0,1.2,0.6,0.2,0.7,0.5,0.7,0.7,0.7,...
..Vzdr?evanje in popravilo stanovanja,Tekoce cene (mio EUR),10.3,11.2,12.7,13.6,15.0,17.0,17.8,19.3,21.1,23.5,44.7,45.8,53.0,61.2,70.0,61.0,64.2,66.1,64.9,71.0,73.9,76.2,79.7,86.8,...
..Vzdr?evanje in popravilo stanovanja,Tekoce cene (% od izdatkov gospodinjstev za koncno potro?njo po domacem konceptu),0.2,0.2,0.2,0.2,0.1,0.2,0.1,0.1,0.1,0.2,0.3,0.3,0.3,0.3,0.3,0.3,0.3,0.3,0.3,0.3,0.3,0.3,0.3,0.3,-
..Vzdr?evanje in popravilo stanovanja,Stalne cene predhodnega leta (mio EUR),...,10.1,12.0,13.1,14.0,16.7,16.5,18.3,20.2,22.4,41.7,44.8,49.7,56.8,66.9,60.8,63.1,63.5,64.2,69.8,73.3,75.9,79.0,85.8,...
..Vzdr?evanje in popravilo stanovanja,"Stalne cene, referencno leto 2010 (mio EUR)",22.6,22.1,23.8,24.5,25.1,27.9,27.1,27.9,29.3,31.1,55.2,55.4,60.0,64.3,70.2,61.0,63.1,62.4,60.7,65.2,67.2,69.0,71.5,76.9,...
..Vzdr?evanje in popravilo stanovanja,Letna sprememba obsega (%),...,-2.1,7.5,3.1,2.5,11.1,-2.9,2.9,5.0,6.2,77.7,0.3,8.3,7.2,9.2,-13.2,3.5,-1.1,-2.8,7.4,3.1,2.7,3.6,7.6,...
..Oskrba z vodo in razne storitve v zvezi s stanovanjem,Tekoce cene (mio EUR),81.9,95.9,114.1,128.1,139.7,159.4,184.2,210.6,232.6,255.0,271.3,291.1,327.1,353.8,369.1,419.9,420.2,451.8,477.7,490.2,494.2,510.7,530.2,559.3,...
..Oskrba z vodo in razne storitve v zvezi s stanovanjem,Tekoce cene (% od izdatkov gospodinjstev za koncno potro?njo po domacem konceptu),1.3,1.3,1.4,1.4,1.4,1.5,1.5,1.6,1.6,1.7,1.7,1.7,1.8,1.7,1.8,2.0,1.9,2.1,2.2,2.3,2.2,2.2,2.2,2.2,-
..Oskrba z vodo in razne storitve v zvezi s stanovanjem,Stalne cene predhodnega leta (mio EUR),...,81.8,102.6,111.0,128.1,149.1,158.6,170.5,212.9,235.3,260.3,291.0,325.8,351.7,358.9,376.7,415.3,450.7,446.9,467.8,485.6,502.5,506.3,551.1,...
..Oskrba z vodo in razne storitve v zvezi s stanovanjem,"Stalne cene, referencno leto 2010 (mio EUR)",294.9,294.4,314.7,306.1,306.2,326.8,325.2,301.0,304.2,307.7,314.1,337.0,377.2,405.5,411.4,419.9,415.3,445.5,440.7,431.5,427.5,434.7,430.9,447.8,...
..Oskrba z vodo in razne storitve v zvezi s stanovanjem,Letna sprememba obsega (%),...,-0.2,6.9,-2.7,0.0,6.7,-0.5,-7.4,1.1,1.1,2.1,7.3,11.9,7.5,1.5,2.0,-1.1,7.3,-1.1,-2.1,-0.9,1.7,-0.9,3.9,...
"..Elektrika, plin in druga goriva",Tekoce cene (mio EUR),282.4,337.3,392.0,429.9,507.5,573.7,634.8,660.2,702.9,776.4,870.9,919.5,956.3,1126.0,1139.2,1344.2,1432.5,1463.8,1384.1,1314.4,1257.2,1260.8,1273.7,1329.8,...
"..Elektrika, plin in druga goriva",Tekoce cene (% od izdatkov gospodinjstev za koncno potro?njo po domacem konceptu),4.4,4.6,4.7,4.8,5.0,5.3,5.2,5.0,4.9,5.1,5.4,5.5,5.1,5.6,5.5,6.3,6.6,6.7,6.5,6.1,5.7,5.5,5.4,5.3,-
"..Elektrika, plin in druga goriva",Stalne cene predhodnega leta (mio EUR),...,308.3,335.2,399.5,451.6,500.5,578.8,646.1,676.2,733.4,781.9,853.0,913.7,1004.0,1253.6,1167.2,1288.3,1384.9,1353.4,1321.6,1312.1,1304.0,1245.4,1251.2,...
"..Elektrika, plin in druga goriva","Stalne cene, referencno leto 2010 (mio EUR)",910.8,994.5,988.4,1007.3,1058.0,1043.6,1052.8,1071.6,1097.6,1145.2,1153.2,1129.6,1122.5,1178.4,1312.0,1344.2,1288.3,1245.5,1151.6,1099.7,1097.7,1138.6,1124.7,1104.8,...
"..Elektrika, plin in druga goriva",Letna sprememba obsega (%),...,9.2,-0.6,1.9,5.0,-1.4,0.9,1.8,2.4,4.3,0.7,-2.1,-0.6,5.0,11.3,2.5,-4.2,-3.3,-7.5,-4.5,-0.2,3.7,-1.2,-1.8,...
"Pohi?tvo, gospodinjska oprema in tekoce vzdr?evanje gospodinjstev",Tekoce cene (mio EUR),371.5,409.5,458.2,500.6,577.3,651.7,726.9,796.5,855.2,900.2,968.1,993.0,1131.2,1146.7,1268.1,1378.3,1330.8,1201.5,1096.4,1113.6,1043.4,1114.2,1157.2,1226.1,...
"Pohi?tvo, gospodinjska oprema in tekoce vzdr?evanje gospodinjstev",Tekoce cene (% od izdatkov gospodinjstev za koncno potro?njo po domacem konceptu),5.8,5.6,5.5,5.6,5.7,6.0,6.0,6.0,5.9,5.9,6.0,5.9,6.1,5.7,6.2,6.5,6.1,5.5,5.1,5.1,4.7,4.9,4.9,4.9,-
"Pohi?tvo, gospodinjska oprema in tekoce vzdr?evanje gospodinjstev",Stalne cene predhodnega leta (mio EUR),...,386.2,433.3,475.9,560.5,630.7,676.7,749.2,814.0,876.2,935.6,956.2,1084.5,1083.1,1223.1,1368.8,1300.6,1199.4,1103.5,1130.1,1057.6,1114.9,1164.7,1224.8,...
"Pohi?tvo, gospodinjska oprema in tekoce vzdr?evanje gospodinjstev","Stalne cene, referencno leto 2010 (mio EUR)",712.1,740.3,783.4,813.7,911.2,995.4,1033.5,1065.1,1088.4,1115.1,1158.9,1144.7,1250.2,1197.0,1276.9,1378.3,1300.6,1172.2,1076.5,1109.5,1053.7,1126.0,1177.0,1245.8,...
"Pohi?tvo, gospodinjska oprema in tekoce vzdr?evanje gospodinjstev",Letna sprememba obsega (%),...,4.0,5.8,3.9,12.0,9.2,3.8,3.1,2.2,2.5,3.9,-1.2,9.2,-4.3,6.7,7.9,-5.6,-9.9,-8.2,3.1,-5.0,6.9,4.5,5.8,...
"..Pohi?tvo in druga stanovanjska oprema, preproge in druge talne obloge",Tekoce cene (mio EUR),100.8,111.7,125.8,143.4,179.5,207.7,234.6,264.5,279.9,293.7,311.5,317.4,362.7,379.2,428.0,488.8,413.9,363.7,321.3,351.5,305.8,336.6,349.4,386.2,...
"..Pohi?tvo in druga stanovanjska oprema, preproge in druge talne obloge",Tekoce cene (% od izdatkov gospodinjstev za koncno potro?njo po domacem konceptu),1.6,1.5,1.5,1.6,1.8,1.9,1.9,2.0,1.9,1.9,1.9,1.9,1.9,1.9,2.1,2.3,1.9,1.7,1.5,1.6,1.4,1.5,1.5,1.5,-
"..Pohi?tvo in druga stanovanjska oprema, preproge in druge talne obloge",Stalne cene predhodnega leta (mio EUR),...,103.2,120.0,133.7,171.5,204.9,216.8,241.0,266.1,283.6,296.0,305.8,343.7,351.6,410.2,480.3,399.2,367.8,327.3,357.2,312.6,336.7,349.0,380.1,...
"..Pohi?tvo in druga stanovanjska oprema, preproge in druge talne obloge","Stalne cene, referencno leto 2010 (mio EUR)",222.0,227.4,244.4,259.7,310.6,354.5,370.2,380.2,382.6,387.6,390.6,383.5,415.3,402.6,435.5,488.8,399.2,354.8,319.3,355.0,315.7,347.6,360.5,392.2,...
"..Pohi?tvo in druga stanovanjska oprema, preproge in druge talne obloge",Letna sprememba obsega (%),...,2.4,7.5,6.3,19.6,14.1,4.4,2.7,0.6,1.3,0.8,-1.8,8.3,-3.1,8.2,12.2,-18.3,-11.1,-10.0,11.2,-11.1,10.1,3.7,8.8,...
..Tekstilni izdelki za gospodinjstvo,Tekoce cene (mio EUR),32.6,34.2,38.4,39.2,45.0,48.4,53.6,59.3,62.5,64.2,69.0,69.4,75.2,78.8,92.4,101.4,107.0,73.9,69.2,64.5,67.4,66.5,65.1,72.4,...
..Tekstilni izdelki za gospodinjstvo,Tekoce cene (% od izdatkov gospodinjstev za koncno potro?njo po domacem konceptu),0.5,0.5,0.5,0.4,0.4,0.4,0.4,0.4,0.4,0.4,0.4,0.4,0.4,0.4,0.4,0.5,0.5,0.3,0.3,0.3,0.3,0.3,0.3,0.3,-
..Tekstilni izdelki za gospodinjstvo,Stalne cene predhodnega leta (mio EUR),...,32.6,36.2,37.0,43.6,46.5,50.6,56.1,59.3,62.1,65.6,69.7,75.9,74.8,89.7,101.2,102.5,74.1,73.0,64.8,68.1,69.0,66.5,74.6,...
..Tekstilni izdelki za gospodinjstvo,"Stalne cene, referencno leto 2010 (mio EUR)",57.0,57.1,60.4,58.2,64.6,66.8,69.8,73.0,73.0,72.4,74.0,74.7,81.7,81.3,92.6,101.4,102.5,70.9,70.0,65.5,69.2,70.8,70.9,81.1,...
..Tekstilni izdelki za gospodinjstvo,Letna sprememba obsega (%),...,0.2,5.8,-3.6,11.1,3.3,4.5,4.5,-0.1,-0.7,2.1,0.9,9.4,-0.5,13.9,9.6,1.1,-30.8,-1.3,-6.4,5.6,2.3,0.1,14.5,...
..Gospodinjski aparati,Tekoce cene (mio EUR),78.9,89.3,101.0,112.1,128.5,138.8,154.7,161.1,177.1,201.0,223.7,233.2,265.7,273.6,278.1,305.5,304.7,286.8,243.6,236.4,236.9,265.5,269.9,257.6,...
..Gospodinjski aparati,Tekoce cene (% od izdatkov gospodinjstev za koncno potro?njo po domacem konceptu),1.2,1.2,1.2,1.2,1.3,1.3,1.3,1.2,1.2,1.3,1.4,1.4,1.4,1.4,1.3,1.4,1.4,1.3,1.1,1.1,1.1,1.2,1.1,1.0,-
..Gospodinjski aparati,Stalne cene predhodnega leta (mio EUR),...,84.8,95.9,106.0,131.4,131.3,148.5,156.1,169.0,198.7,220.6,230.3,258.4,267.4,273.2,307.6,304.9,290.0,249.1,245.5,242.0,266.5,276.8,261.2,...
..Gospodinjski aparati,"Stalne cene, referencno leto 2010 (mio EUR)",119.3,128.1,137.7,144.5,169.4,173.0,185.1,186.7,195.9,219.7,241.1,248.1,275.0,276.6,276.2,305.5,304.9,290.1,252.0,253.9,259.8,292.3,304.8,295.0,...
..Gospodinjski aparati,Letna sprememba obsega (%),...,7.4,7.5,5.0,17.2,2.1,6.9,0.9,4.9,12.2,9.7,2.9,10.8,0.6,-0.2,10.6,-0.2,-4.8,-13.2,0.8,2.3,12.5,4.3,-3.2,...
"..Steklenina, namizni pribor in gospodinjski primpomocki",Tekoce cene (mio EUR),51.3,57.7,59.5,66.1,71.6,79.1,84.6,86.0,90.2,82.0,89.1,96.0,118.4,79.3,80.3,85.4,90.0,84.5,83.1,86.3,79.6,85.0,91.9,105.9,...
"..Steklenina, namizni pribor in gospodinjski primpomocki",Tekoce cene (% od izdatkov gospodinjstev za koncno potro?njo po domacem konceptu),0.8,0.8,0.7,0.7,0.7,0.7,0.7,0.6,0.6,0.5,0.5,0.6,0.6,0.4,0.4,0.4,0.4,0.4,0.4,0.4,0.4,0.4,0.4,0.4,-
"..Steklenina, namizni pribor in gospodinjski primpomocki",Stalne cene predhodnega leta (mio EUR),...,54.2,56.4,63.9,68.5,75.6,80.2,80.4,84.4,76.2,85.2,90.9,112.5,69.4,78.3,84.2,86.9,84.2,81.8,87.7,80.5,84.8,92.6,107.1,...
"..Steklenina, namizni pribor in gospodinjski primpomocki","Stalne cene, referencno leto 2010 (mio EUR)",117.0,123.8,121.0,129.8,134.5,142.0,144.1,136.9,134.3,113.3,117.7,120.1,140.7,82.5,81.4,85.4,86.9,81.3,78.7,83.1,77.5,82.5,90.0,104.9,...
"..Steklenina, namizni pribor in gospodinjski primpomocki",Letna sprememba obsega (%),...,5.8,-2.2,7.3,3.6,5.6,1.4,-5.0,-1.9,-15.6,3.8,2.1,17.1,-41.4,-1.3,4.9,1.7,-6.4,-3.2,5.5,-6.8,6.5,9.1,16.6,...
..Orodje in oprema za hi?o in vrt,Tekoce cene (mio EUR),14.4,16.2,17.9,18.4,20.8,24.2,26.1,27.3,30.1,35.3,42.1,44.5,47.2,53.5,73.4,91.5,104.2,116.2,122.6,121.7,126.8,135.6,152.5,153.7,...
..Orodje in oprema za hi?o in vrt,Tekoce cene (% od izdatkov gospodinjstev za koncno potro?njo po domacem konceptu),0.2,0.2,0.2,0.2,0.2,0.2,0.2,0.2,0.2,0.2,0.3,0.3,0.3,0.3,0.4,0.4,0.5,0.5,0.6,0.6,0.6,0.6,0.6,0.6,-
..Orodje in oprema za hi?o in vrt,Stalne cene predhodnega leta (mio EUR),...,15.6,16.9,17.7,19.9,23.2,24.2,25.7,28.6,34.6,41.3,44.4,46.1,51.3,72.3,91.7,102.6,113.8,118.0,120.9,128.2,135.4,153.0,155.7,...
..Orodje in oprema za hi?o in vrt,"Stalne cene, referencno leto 2010 (mio EUR)",24.4,26.4,27.4,27.2,29.4,32.7,32.7,32.3,33.8,38.9,45.6,48.1,49.8,54.2,73.3,91.5,102.6,112.1,113.8,112.2,118.1,126.2,142.3,145.4,...
..Orodje in oprema za hi?o in vrt,Letna sprememba obsega (%),...,8.3,4.1,-0.9,8.1,11.3,-0.1,-1.2,4.8,15.0,17.3,5.5,3.6,8.8,35.2,24.8,12.2,9.2,1.5,-1.4,5.3,6.8,12.8,2.2,...
..Blago in storitve za tekoce vzdr?evanje stanovanj,Tekoce cene (mio EUR),93.5,100.4,115.6,121.4,131.9,153.6,173.3,198.3,215.3,224.0,232.6,232.5,262.0,282.3,316.0,305.7,310.9,276.4,256.6,253.2,226.9,225.1,228.4,250.4,...
..Blago in storitve za tekoce vzdr?evanje stanovanj,Tekoce cene (% od izdatkov gospodinjstev za koncno potro?njo po domacem konceptu),1.5,1.4,1.4,1.4,1.3,1.4,1.4,1.5,1.5,1.5,1.4,1.4,1.4,1.4,1.5,1.4,1.4,1.3,1.2,1.2,1.0,1.0,1.0,1.0,-
..Blago in storitve za tekoce vzdr?evanje stanovanj,Stalne cene predhodnega leta (mio EUR),...,95.7,107.8,117.7,125.7,149.3,156.4,189.9,206.6,221.0,226.9,215.1,247.8,268.6,299.5,303.7,304.4,269.5,254.2,254.1,226.3,222.5,226.7,246.0,...
..Blago in storitve za tekoce vzdr?evanje stanovanj,"Stalne cene, referencno leto 2010 (mio EUR)",187.0,191.4,205.5,209.2,216.7,245.2,249.8,273.7,285.1,292.7,296.5,274.3,292.3,299.7,318.0,305.7,304.4,263.9,242.7,240.4,214.8,210.7,212.2,228.6,...
..Blago in storitve za tekoce vzdr?evanje stanovanj,Letna sprememba obsega (%),...,2.3,7.4,1.8,3.6,13.2,1.9,9.6,4.1,2.7,1.3,-7.5,6.6,2.5,6.1,-3.9,-0.4,-13.3,-8.0,-1.0,-10.6,-1.9,0.7,7.7,...
Zdravstvo,Tekoce cene (mio EUR),149.9,188.9,225.5,252.8,286.9,350.6,395.5,449.6,494.1,520.4,565.8,587.6,645.5,710.8,749.5,782.3,785.1,850.7,854.7,842.0,847.8,872.7,900.9,963.9,...
Zdravstvo,Tekoce cene (% od izdatkov gospodinjstev za koncno potro?njo po domacem konceptu),2.3,2.6,2.7,2.8,2.8,3.2,3.3,3.4,3.4,3.4,3.5,3.5,3.5,3.5,3.6,3.7,3.6,3.9,4.0,3.9,3.9,3.8,3.8,3.8,-
Zdravstvo,Stalne cene predhodnega leta (mio EUR),...,170.0,210.5,235.7,271.2,327.0,354.8,422.9,468.7,506.3,559.6,583.3,635.3,686.9,720.5,768.1,771.8,851.2,861.7,846.0,842.2,869.0,899.5,945.5,...
Zdravstvo,"Stalne cene, referencno leto 2010 (mio EUR)",316.2,358.6,399.7,417.7,448.2,510.9,516.9,552.6,576.1,590.4,634.9,654.5,707.6,753.0,763.3,782.3,771.8,836.8,847.6,839.0,839.3,860.2,886.6,930.4,...
Zdravstvo,Letna sprememba obsega (%),...,13.4,11.5,4.5,7.3,14.0,1.2,6.9,4.3,2.5,7.5,3.1,8.1,6.4,1.4,2.5,-1.3,8.4,1.3,-1.0,0.0,2.5,3.1,4.9,...
"..Medicinski proizvodi, pripomocki in oprema",Tekoce cene (mio EUR),58.4,69.2,81.8,97.9,119.8,148.0,169.5,196.2,220.1,233.9,245.5,254.1,284.6,320.6,360.9,386.2,386.5,423.2,437.4,423.4,422.6,438.6,448.2,469.5,...
"..Medicinski proizvodi, pripomocki in oprema",Tekoce cene (% od izdatkov gospodinjstev za koncno potro?njo po domacem konceptu),0.9,0.9,1.0,1.1,1.2,1.4,1.4,1.5,1.5,1.5,1.5,1.5,1.5,1.6,1.8,1.8,1.8,1.9,2.0,2.0,1.9,1.9,1.9,1.9,-
"..Medicinski proizvodi, pripomocki in oprema",Stalne cene predhodnega leta (mio EUR),...,63.4,76.9,91.5,113.3,134.3,152.8,185.4,210.2,233.6,247.1,256.3,286.1,318.7,355.0,378.4,385.8,414.2,436.8,423.4,422.7,438.9,446.7,471.7,...
"..Medicinski proizvodi, pripomocki in oprema","Stalne cene, referencno leto 2010 (mio EUR)",106.4,115.6,128.5,143.7,166.4,186.6,192.5,210.6,225.5,239.3,252.9,263.9,297.2,332.7,368.4,386.2,385.8,413.5,426.7,413.1,412.4,428.3,436.2,459.1,...
"..Medicinski proizvodi, pripomocki in oprema",Letna sprememba obsega (%),...,8.6,11.2,11.9,15.8,12.1,3.2,9.4,7.1,6.1,5.7,4.4,12.6,12.0,10.7,4.8,-0.1,7.2,3.2,-3.2,-0.2,3.9,1.8,5.2,...
..Zunajbolni?nicne storitve,Tekoce cene (mio EUR),78.9,89.7,108.6,118.4,125.5,146.6,161.0,185.7,205.1,215.5,237.3,248.7,273.9,292.0,284.3,295.1,288.5,315.5,305.0,300.9,304.0,314.4,325.5,355.5,...
..Zunajbolni?nicne storitve,Tekoce cene (% od izdatkov gospodinjstev za koncno potro?njo po domacem konceptu),1.2,1.2,1.3,1.3,1.2,1.3,1.3,1.4,1.4,1.4,1.5,1.5,1.5,1.4,1.4,1.4,1.3,1.5,1.4,1.4,1.4,1.4,1.4,1.4,-
..Zunajbolni?nicne storitve,Stalne cene predhodnega leta (mio EUR),...,80.8,99.8,110.3,118.5,139.5,143.8,173.8,193.4,205.2,231.4,243.5,264.3,277.2,267.9,282.9,278.2,317.7,308.8,302.5,299.4,311.0,324.2,341.6,...
..Zunajbolni?nicne storitve,"Stalne cene, referencno leto 2010 (mio EUR)",192.2,196.9,219.1,222.5,222.6,247.3,242.7,262.0,272.8,272.9,292.9,300.7,319.5,323.3,296.6,295.1,278.2,306.4,299.9,297.4,295.9,302.8,312.2,327.6,...
..Zunajbolni?nicne storitve,Letna sprememba obsega (%),...,2.4,11.3,1.5,0.1,11.1,-1.9,7.9,4.1,0.0,7.4,2.6,6.3,1.2,-8.3,-0.5,-5.7,10.1,-2.1,-0.8,-0.5,2.3,3.1,5.0,...
..Bolni?nicne storitve,Tekoce cene (mio EUR),12.6,30.0,35.1,36.5,41.6,56.0,65.0,67.6,68.8,71.0,83.1,84.8,86.9,98.2,104.3,101.0,110.1,111.9,112.2,117.6,121.3,119.7,127.3,139.0,...
..Bolni?nicne storitve,Tekoce cene (% od izdatkov gospodinjstev za koncno potro?njo po domacem konceptu),0.2,0.4,0.4,0.4,0.4,0.5,0.5,0.5,0.5,0.5,0.5,0.5,0.5,0.5,0.5,0.5,0.5,0.5,0.5,0.5,0.6,0.5,0.5,0.6,-
..Bolni?nicne storitve,Stalne cene predhodnega leta (mio EUR),...,25.8,33.8,34.0,39.4,53.3,58.2,63.6,65.2,67.5,81.1,83.5,84.9,91.0,97.6,106.9,107.8,119.3,116.0,120.1,120.1,119.0,128.7,132.1,...
..Bolni?nicne storitve,"Stalne cene, referencno leto 2010 (mio EUR)",27.8,56.8,64.0,61.8,66.8,85.5,88.8,87.0,83.8,82.2,93.9,94.5,94.6,99.1,98.5,101.0,107.8,116.8,121.0,129.6,132.3,129.8,139.5,144.9,...
..Bolni?nicne storitve,Letna sprememba obsega (%),...,104.5,12.6,-3.4,8.0,28.0,3.8,-2.1,-3.6,-1.9,14.3,0.6,0.1,4.8,-0.6,2.5,6.7,8.4,3.7,7.1,2.1,-1.9,7.5,3.8,...
Prevoz,Tekoce cene (mio EUR),1087.0,1231.7,1358.4,1465.4,1646.9,1689.7,1837.7,1961.1,2140.2,2337.4,2443.6,2539.7,2890.2,3212.4,3093.8,3189.0,3260.0,3367.4,3390.1,3463.0,3526.3,3634.2,3929.1,4237.0,...
Prevoz,Tekoce cene (% od izdatkov gospodinjstev za koncno potro?njo po domacem konceptu),17.0,16.8,16.5,16.3,16.3,15.5,15.2,14.7,14.8,15.2,15.1,15.1,15.5,15.9,15.0,15.0,15.0,15.5,15.9,16.0,16.0,15.9,16.5,16.9,-
Prevoz,Stalne cene predhodnega leta (mio EUR),...,1110.8,1253.8,1350.0,1543.5,1484.4,1673.0,1828.6,2051.1,2227.3,2373.4,2507.7,2879.4,3100.5,3197.9,3105.6,3181.9,3186.5,3360.1,3467.4,3754.9,3783.2,3829.0,4157.4,...
Prevoz,"Stalne cene, referencno leto 2010 (mio EUR)",2392.3,2444.7,2488.6,2473.2,2605.1,2348.0,2324.8,2313.3,2419.4,2517.9,2556.7,2623.9,2974.9,3191.3,3176.9,3189.0,3181.9,3110.2,3103.5,3174.3,3441.9,3692.7,3890.6,4116.6,...
Prevoz,Letna sprememba obsega (%),...,2.2,1.8,-0.6,5.3,-9.9,-1.0,-0.5,4.6,4.1,1.5,2.6,13.4,7.3,-0.5,0.4,-0.2,-2.3,-0.2,2.3,8.4,7.3,5.4,5.8,...
..Nakup prevoznih sredstev,Tekoce cene (mio EUR),553.2,582.9,604.3,645.8,727.5,626.7,625.2,689.9,796.7,902.8,883.4,911.0,1062.2,1169.1,974.9,869.2,823.6,687.0,654.9,673.7,856.2,957.2,1155.9,1191.9,...
..Nakup prevoznih sredstev,Tekoce cene (% od izdatkov gospodinjstev za koncno potro?njo po domacem konceptu),8.7,7.9,7.3,7.2,7.2,5.7,5.2,5.2,5.5,5.9,5.4,5.4,5.7,5.8,4.7,4.1,3.8,3.2,3.1,3.1,3.9,4.2,4.9,4.8,-
..Nakup prevoznih sredstev,Stalne cene predhodnega leta (mio EUR),...,526.1,583.9,624.0,702.0,537.9,597.7,654.0,761.3,880.1,928.8,972.8,1102.7,1163.9,1031.4,976.8,866.4,714.4,675.2,678.7,872.5,980.4,1182.2,1228.8,...
..Nakup prevoznih sredstev,"Stalne cene, referencno leto 2010 (mio EUR)",680.4,647.1,648.3,669.4,727.7,538.1,513.2,536.8,592.4,654.4,673.3,741.4,897.4,983.3,867.5,869.2,866.4,751.5,738.7,765.5,991.4,1135.1,1401.9,1490.3,...
..Nakup prevoznih sredstev,Letna sprememba obsega (%),...,-4.9,0.2,3.3,8.7,-26.1,-4.6,4.6,10.4,10.5,2.9,10.1,21.0,9.6,-11.8,0.2,-0.3,-13.3,-1.7,3.6,29.5,14.5,23.5,6.3,...
..Proizvodi in storitve za osebna vozila,Tekoce cene (mio EUR),451.4,547.6,645.5,698.8,789.6,915.9,1053.0,1103.3,1169.7,1249.9,1367.9,1434.5,1618.1,1796.1,1887.7,2095.1,2205.9,2443.8,2491.2,2548.6,2415.5,2429.3,2518.8,2781.4,...
..Proizvodi in storitve za osebna vozila,Tekoce cene (% od izdatkov gospodinjstev za koncno potro?njo po domacem konceptu),7.1,7.5,7.8,7.8,7.8,8.4,8.7,8.3,8.1,8.1,8.4,8.5,8.7,8.9,9.2,9.9,10.1,11.2,11.7,11.8,11.0,10.7,10.6,11.1,-
..Proizvodi in storitve za osebna vozila,Stalne cene predhodnega leta (mio EUR),...,499.4,566.7,615.0,718.3,816.2,932.5,1022.7,1125.7,1175.2,1251.1,1344.1,1570.1,1696.3,1936.4,1906.8,2087.8,2237.5,2431.5,2557.3,2622.9,2554.1,2392.4,2662.0,...
..Proizvodi in storitve za osebna vozila,"Stalne cene, referencno leto 2010 (mio EUR)",1451.0,1605.2,1661.4,1582.8,1627.0,1681.8,1712.2,1663.1,1696.8,1704.8,1706.4,1676.7,1835.2,1923.8,2074.2,2095.1,2087.8,2117.7,2107.1,2163.0,2226.0,2353.7,2318.0,2449.8,...
..Proizvodi in storitve za osebna vozila,Letna sprememba obsega (%),...,10.6,3.5,-4.7,2.8,3.4,1.8,-2.9,2.0,0.5,0.1,-1.7,9.5,4.8,7.8,1.0,-0.3,1.4,-0.5,2.7,2.9,5.7,-1.5,5.7,...
..Prevozne storitve,Tekoce cene (mio EUR),82.4,101.2,108.6,120.9,129.8,147.0,159.6,167.9,173.8,184.7,192.2,194.2,209.9,247.2,231.1,224.7,230.5,236.5,244.0,240.8,254.5,247.7,254.5,263.8,...
..Prevozne storitve,Tekoce cene (% od izdatkov gospodinjstev za koncno potro?njo po domacem konceptu),1.3,1.4,1.3,1.3,1.3,1.3,1.3,1.3,1.2,1.2,1.2,1.2,1.1,1.2,1.1,1.1,1.1,1.1,1.1,1.1,1.2,1.1,1.1,1.1,-
..Prevozne storitve,Stalne cene predhodnega leta (mio EUR),...,85.2,103.1,110.9,123.2,130.3,142.7,151.9,164.1,172.1,193.5,190.9,206.6,240.3,230.0,222.0,227.7,234.6,253.4,231.4,259.6,248.7,254.4,266.6,...
..Prevozne storitve,"Stalne cene, referencno leto 2010 (mio EUR)",201.2,208.2,212.2,216.9,221.1,222.0,215.5,205.1,200.4,198.4,207.8,206.4,219.7,251.4,234.0,224.7,227.7,231.8,248.2,235.5,253.9,248.1,254.8,266.9,...
..Prevozne storitve,Letna sprememba obsega (%),...,3.5,1.9,2.2,2.0,0.4,-2.9,-4.8,-2.3,-1.0,4.8,-0.7,6.4,14.5,-6.9,-4.0,1.3,1.8,7.1,-5.1,7.8,-2.3,2.7,4.7,...
Komunikacije,Tekoce cene (mio EUR),114.2,141.7,158.9,173.7,215.7,247.3,298.5,401.8,438.5,502.0,570.7,580.5,601.9,643.8,677.9,679.2,712.3,690.6,698.7,694.7,670.4,666.2,666.6,715.0,...
Komunikacije,Tekoce cene (% od izdatkov gospodinjstev za koncno potro?njo po domacem konceptu),1.8,1.9,1.9,1.9,2.1,2.3,2.5,3.0,3.0,3.3,3.5,3.4,3.2,3.2,3.3,3.2,3.3,3.2,3.3,3.2,3.0,2.9,2.8,2.9,-
Komunikacije,Stalne cene predhodnega leta (mio EUR),...,120.9,148.4,174.9,205.7,230.7,271.3,364.0,432.9,501.9,571.5,578.8,600.1,639.0,706.4,671.3,707.8,707.3,709.9,713.2,667.6,648.9,666.1,713.2,...
Komunikacije,"Stalne cene, referencno leto 2010 (mio EUR)",193.5,204.8,214.5,236.0,279.5,299.0,328.0,400.0,430.9,493.2,561.5,569.5,588.8,625.1,685.9,679.2,707.8,702.9,722.5,737.5,708.7,686.0,685.9,733.8,...
Komunikacije,Letna sprememba obsega (%),...,5.9,4.7,10.0,18.4,7.0,9.7,21.9,7.7,14.5,13.8,1.4,3.4,6.2,9.7,-1.0,4.2,-0.7,2.8,2.1,-3.9,-3.2,0.0,7.0,...
..Po?tne storitve,Tekoce cene (mio EUR),2.9,3.1,3.6,4.2,5.4,6.1,8.7,8.8,10.3,12.2,13.7,14.1,13.7,14.9,14.7,16.2,15.6,15.0,14.3,14.5,15.4,16.4,17.4,19.5,...
..Po?tne storitve,Tekoce cene (% od izdatkov gospodinjstev za koncno potro?njo po domacem konceptu),0.0,0.0,0.0,0.0,0.1,0.1,0.1,0.1,0.1,0.1,0.1,0.1,0.1,0.1,0.1,0.1,0.1,0.1,0.1,0.1,0.1,0.1,0.1,0.1,-
..Po?tne storitve,Stalne cene predhodnega leta (mio EUR),...,2.9,3.4,4.0,4.8,5.4,6.7,7.1,9.3,10.7,12.2,14.2,13.6,13.9,14.1,15.5,16.3,14.9,14.2,14.0,14.8,16.1,16.3,18.7,...
..Po?tne storitve,"Stalne cene, referencno leto 2010 (mio EUR)",11.2,11.5,12.7,13.9,15.8,15.9,17.5,14.4,15.3,15.9,15.9,16.5,15.9,16.3,15.3,16.2,16.3,15.5,14.7,14.4,14.7,15.3,15.3,16.5,...
..Po?tne storitve,Letna sprememba obsega (%),...,2.1,10.8,9.0,14.0,0.4,10.1,-17.8,6.4,4.0,0.2,3.5,-3.4,2.1,-5.7,5.7,0.4,-4.8,-5.4,-1.8,1.8,4.7,-0.5,7.8,...
..Telefonska in telefaks naprave,Tekoce cene (mio EUR),9.0,9.8,11.5,12.1,15.6,17.8,19.2,22.1,22.8,24.7,25.1,26.9,29.7,33.9,31.7,33.1,54.3,50.8,56.7,66.4,62.2,76.1,82.2,92.6,...
..Telefonska in telefaks naprave,Tekoce cene (% od izdatkov gospodinjstev za koncno potro?njo po domacem konceptu),0.1,0.1,0.1,0.1,0.2,0.2,0.2,0.2,0.2,0.2,0.2,0.2,0.2,0.2,0.2,0.2,0.2,0.2,0.3,0.3,0.3,0.3,0.3,0.4,-
..Telefonska in telefaks naprave,Stalne cene predhodnega leta (mio EUR),...,9.1,11.0,11.8,15.7,16.9,17.5,19.3,22.6,24.8,25.2,26.8,29.6,33.7,33.1,35.8,58.7,51.5,61.0,74.8,67.5,80.2,86.7,100.5,...
..Telefonska in telefaks naprave,"Stalne cene, referencno leto 2010 (mio EUR)",12.5,12.5,13.9,14.3,18.6,20.1,19.7,19.9,20.4,22.1,22.5,24.0,26.5,30.1,29.3,33.1,58.7,55.7,66.9,88.4,89.9,115.8,131.8,161.3,...
..Telefonska in telefaks naprave,Letna sprememba obsega (%),...,0.2,11.8,2.6,30.0,7.9,-1.6,0.9,2.2,8.6,1.9,6.7,10.1,13.7,-2.5,12.8,77.6,-5.1,20.1,32.0,1.7,28.9,13.8,22.4,...
..Telefonske in telefaks storitve,Tekoce cene (mio EUR),102.3,128.9,143.8,157.4,194.6,223.5,270.6,370.9,405.4,465.0,531.9,539.5,558.6,594.9,631.6,629.9,642.4,624.8,627.8,613.7,592.8,573.7,567.1,602.9,...
..Telefonske in telefaks storitve,Tekoce cene (% od izdatkov gospodinjstev za koncno potro?njo po domacem konceptu),1.6,1.8,1.7,1.8,1.9,2.0,2.2,2.8,2.8,3.0,3.3,3.2,3.0,2.9,3.1,3.0,3.0,2.9,2.9,2.8,2.7,2.5,2.4,2.4,-
..Telefonske in telefaks storitve,Stalne cene predhodnega leta (mio EUR),...,108.9,134.1,159.2,185.2,208.4,247.2,337.5,401.0,466.4,534.0,537.9,556.9,591.4,659.2,620.0,632.9,640.9,634.7,624.4,585.2,552.7,563.1,594.0,...
..Telefonske in telefaks storitve,"Stalne cene, referencno leto 2010 (mio EUR)",172.3,183.4,190.8,211.1,248.4,266.0,294.1,366.8,396.5,456.3,523.9,529.8,546.9,579.0,641.7,629.9,632.9,631.4,641.4,637.9,608.3,567.1,556.7,583.1,...
..Telefonske in telefaks storitve,Letna sprememba obsega (%),...,6.5,4.0,10.7,17.7,7.1,10.6,24.7,8.1,15.1,14.8,1.1,3.2,5.9,10.8,-1.8,0.5,-0.2,1.6,-0.5,-4.6,-6.8,-1.8,4.7,...
Rekreacija in kultura,Tekoce cene (mio EUR),565.4,682.3,807.3,906.4,1028.8,1116.2,1246.4,1400.3,1540.0,1674.5,1766.2,1838.9,1985.6,2038.8,1887.0,1928.5,1886.5,1816.5,1765.6,1838.6,1933.2,2032.4,2151.8,2303.1,...
Rekreacija in kultura,Tekoce cene (% od izdatkov gospodinjstev za koncno potro?njo po domacem konceptu),8.9,9.3,9.8,10.1,10.2,10.2,10.3,10.5,10.6,10.9,10.9,10.9,10.6,10.1,9.2,9.1,8.7,8.3,8.3,8.5,8.8,8.9,9.1,9.2,-
Rekreacija in kultura,Stalne cene predhodnega leta (mio EUR),...,615.4,746.9,845.4,971.7,1051.3,1168.7,1307.9,1477.7,1627.8,1741.7,1817.8,1937.5,1972.6,1848.1,1928.3,1914.1,1801.8,1762.0,1829.3,1917.3,2024.2,2127.3,2265.1,...
Rekreacija in kultura,"Stalne cene, referencno leto 2010 (mio EUR)",1109.1,1207.2,1321.5,1383.7,1483.5,1515.9,1587.2,1665.6,1757.7,1857.9,1932.5,1989.0,2095.7,2081.9,1887.2,1928.5,1914.1,1828.1,1773.3,1837.2,1915.9,2006.0,2099.7,2210.3,...
Rekreacija in kultura,Letna sprememba obsega (%),...,8.8,9.5,4.7,7.2,2.2,4.7,4.9,5.5,5.7,4.0,2.9,5.4,-0.7,-9.4,2.2,-0.7,-4.5,-3.0,3.6,4.3,4.7,4.7,5.3,...
..Audiovizualna in fotografska oprema ter oprema za obdelavo podatkov,Tekoce cene (mio EUR),86.1,91.1,108.0,124.8,145.7,164.4,171.0,187.0,210.1,225.1,242.0,256.9,254.5,264.9,215.1,258.7,224.4,186.0,162.1,185.5,182.9,179.4,188.8,189.0,...
..Audiovizualna in fotografska oprema ter oprema za obdelavo podatkov,Tekoce cene (% od izdatkov gospodinjstev za koncno potro?njo po domacem konceptu),1.3,1.2,1.3,1.4,1.4,1.5,1.4,1.4,1.5,1.5,1.5,1.5,1.4,1.3,1.0,1.2,1.0,0.9,0.8,0.9,0.8,0.8,0.8,0.8,-
..Audiovizualna in fotografska oprema ter oprema za obdelavo podatkov,Stalne cene predhodnega leta (mio EUR),...,86.8,103.9,120.5,141.0,152.6,175.0,208.8,229.1,236.7,261.6,277.0,274.3,292.7,228.8,275.2,240.8,193.8,169.5,193.2,185.9,184.3,193.6,198.8,...
..Audiovizualna in fotografska oprema ter oprema za obdelavo podatkov,"Stalne cene, referencno leto 2010 (mio EUR)",52.6,53.1,60.5,67.5,76.2,79.8,85.0,103.8,127.1,143.3,166.5,190.6,203.5,234.2,202.2,258.7,240.8,208.0,189.5,225.9,226.4,228.1,246.2,259.3,...
..Audiovizualna in fotografska oprema ter oprema za obdelavo podatkov,Letna sprememba obsega (%),...,0.8,14.0,11.5,12.9,4.7,6.5,22.1,22.5,12.7,16.2,14.4,6.8,15.0,-13.6,27.9,-6.9,-13.6,-8.9,19.2,0.2,0.7,7.9,5.3,...
..Drugo vecje trajno blago za rekreacijo in kulturo,Tekoce cene (mio EUR),11.2,11.8,14.1,15.7,17.1,19.3,21.6,22.6,25.8,25.6,26.6,27.7,29.7,31.6,28.9,31.0,26.9,32.3,32.3,33.0,41.4,44.8,46.2,53.8,...
..Drugo vecje trajno blago za rekreacijo in kulturo,Tekoce cene (% od izdatkov gospodinjstev za koncno potro?njo po domacem konceptu),0.2,0.2,0.2,0.2,0.2,0.2,0.2,0.2,0.2,0.2,0.2,0.2,0.2,0.2,0.1,0.1,0.1,0.1,0.2,0.2,0.2,0.2,0.2,0.2,-
..Drugo vecje trajno blago za rekreacijo in kulturo,Stalne cene predhodnega leta (mio EUR),...,11.0,12.7,14.8,16.6,18.3,19.8,21.6,25.0,25.1,27.2,28.4,29.8,30.6,28.6,31.2,27.0,32.0,33.1,33.7,41.9,45.4,46.3,53.9,...
..Drugo vecje trajno blago za rekreacijo in kulturo,"Stalne cene, referencno leto 2010 (mio EUR)",18.3,17.9,19.3,20.3,21.5,23.0,23.7,23.7,26.1,25.4,27.0,28.8,31.0,31.9,28.8,31.0,27.0,32.1,32.9,34.3,43.6,47.7,49.4,57.5,...
..Drugo vecje trajno blago za rekreacijo in kulturo,Letna sprememba obsega (%),...,-2.2,7.8,5.1,6.0,6.9,3.0,0.1,10.3,-2.6,6.1,6.8,7.5,2.9,-9.6,7.7,-13.1,18.9,2.5,4.4,27.1,9.4,3.5,16.5,...
"..Drugi rekreacijski predmetii, vrtnarjenje in male ?ivali",Tekoce cene (mio EUR),80.0,95.0,120.4,132.5,161.1,200.8,228.1,268.1,309.6,343.6,342.1,348.0,381.3,422.0,407.5,427.1,414.3,410.9,413.2,430.9,421.6,479.4,523.6,593.5,...
"..Drugi rekreacijski predmetii, vrtnarjenje in male ?ivali",Tekoce cene (% od izdatkov gospodinjstev za koncno potro?njo po domacem konceptu),1.3,1.3,1.5,1.5,1.6,1.8,1.9,2.0,2.1,2.2,2.1,2.1,2.0,2.1,2.0,2.0,1.9,1.9,1.9,2.0,1.9,2.1,2.2,2.4,-
"..Drugi rekreacijski predmetii, vrtnarjenje in male ?ivali",Stalne cene predhodnega leta (mio EUR),...,88.7,109.9,123.7,148.0,185.3,213.1,246.9,284.6,336.1,334.2,346.5,369.5,401.3,392.0,423.8,409.8,414.8,415.8,434.9,413.5,474.0,523.0,579.7,...
"..Drugi rekreacijski predmetii, vrtnarjenje in male ?ivali","Stalne cene, referencno leto 2010 (mio EUR)",179.2,198.7,230.0,236.3,264.0,303.5,322.1,348.5,370.1,401.8,390.7,395.6,420.1,442.1,410.7,427.1,409.8,410.2,415.2,436.9,419.2,471.4,514.2,569.3,...
"..Drugi rekreacijski predmetii, vrtnarjenje in male ?ivali",Letna sprememba obsega (%),...,10.9,15.7,2.8,11.7,15.0,6.1,8.2,6.2,8.6,-2.8,1.3,6.2,5.2,-7.1,4.0,-4.1,0.1,1.2,5.2,-4.1,12.4,9.1,10.7,...
..Rekreacijske in kulturne storitve,Tekoce cene (mio EUR),181.7,243.1,279.8,328.7,387.4,394.8,463.1,515.3,562.2,628.2,688.4,719.6,768.9,724.7,671.2,644.8,636.9,633.6,608.8,637.2,722.9,754.9,757.4,789.2,...
..Rekreacijske in kulturne storitve,Tekoce cene (% od izdatkov gospodinjstev za koncno potro?njo po domacem konceptu),2.8,3.3,3.4,3.7,3.8,3.6,3.8,3.9,3.9,4.1,4.2,4.3,4.1,3.6,3.3,3.0,2.9,2.9,2.8,2.9,3.3,3.3,3.2,3.1,-
..Rekreacijske in kulturne storitve,Stalne cene predhodnega leta (mio EUR),...,214.2,257.3,303.2,362.4,378.0,430.1,468.8,529.4,595.9,669.5,695.3,736.7,686.5,649.0,632.5,638.9,619.0,609.8,627.4,716.7,746.0,731.0,763.0,...
..Rekreacijske in kulturne storitve,"Stalne cene, referencno leto 2010 (mio EUR)",444.5,524.0,554.7,601.0,662.7,646.6,704.5,713.1,732.6,776.6,827.6,835.9,855.8,764.1,684.2,644.8,638.9,621.0,597.6,615.8,692.7,714.8,692.1,697.1,...
..Rekreacijske in kulturne storitve,Letna sprememba obsega (%),...,17.9,5.9,8.3,10.3,-2.4,9.0,1.2,2.7,6.0,6.6,1.0,2.4,-10.7,-10.5,-5.8,-0.9,-2.8,-3.8,3.1,12.5,3.2,-3.2,0.7,...
"..casopisi, knjige in pisalne potreb?cine",Tekoce cene (mio EUR),98.2,115.4,136.4,145.6,154.7,160.3,176.1,188.5,201.3,210.9,211.8,215.9,220.3,221.7,217.6,214.9,227.1,213.7,207.9,207.3,203.3,199.7,193.5,192.3,...
"..casopisi, knjige in pisalne potreb?cine",Tekoce cene (% od izdatkov gospodinjstev za koncno potro?njo po domacem konceptu),1.5,1.6,1.7,1.6,1.5,1.5,1.5,1.4,1.4,1.4,1.3,1.3,1.2,1.1,1.1,1.0,1.0,1.0,1.0,1.0,0.9,0.9,0.8,0.8,-
"..casopisi, knjige in pisalne potreb?cine",Stalne cene predhodnega leta (mio EUR),...,100.4,121.9,132.3,147.9,147.6,162.6,175.0,192.8,207.1,202.4,210.8,215.3,211.7,209.5,213.0,225.5,206.8,202.4,204.5,200.1,199.7,193.8,188.3,...
"..casopisi, knjige in pisalne potreb?cine","Stalne cene, referencno leto 2010 (mio EUR)",235.4,240.6,254.2,246.6,250.5,239.0,242.4,240.9,246.5,253.7,243.6,242.4,241.7,232.3,219.5,214.9,225.5,205.4,194.5,191.4,184.7,181.4,176.0,171.3,...
"..casopisi, knjige in pisalne potreb?cine",Letna sprememba obsega (%),...,2.2,5.6,-3.0,1.6,-4.6,1.4,-0.6,2.3,2.9,-4.0,-0.5,-0.3,-3.9,-5.5,-2.1,4.9,-8.9,-5.3,-1.6,-3.5,-1.8,-3.0,-2.7,...
..Pocitni?ki paketi,Tekoce cene (mio EUR),108.2,126.0,148.7,159.1,162.9,176.6,186.5,218.9,231.1,241.1,255.3,270.8,330.9,373.9,346.7,352.0,356.9,340.0,341.3,344.7,361.1,374.1,442.2,485.3,...
..Pocitni?ki paketi,Tekoce cene (% od izdatkov gospodinjstev za koncno potro?njo po domacem konceptu),1.7,1.7,1.8,1.8,1.6,1.6,1.5,1.6,1.6,1.6,1.6,1.6,1.8,1.8,1.7,1.7,1.6,1.6,1.6,1.6,1.6,1.6,1.9,1.9,-
..Pocitni?ki paketi,Stalne cene predhodnega leta (mio EUR),...,114.4,141.2,151.0,155.8,169.6,168.0,186.9,216.8,226.8,246.9,259.9,311.9,349.7,340.2,352.7,372.1,335.3,331.4,335.6,359.3,374.9,439.6,481.5,...
..Pocitni?ki paketi,"Stalne cene, referencno leto 2010 (mio EUR)",263.5,278.5,312.1,316.9,310.4,323.3,307.6,308.2,305.3,299.7,306.8,312.3,359.7,380.2,346.0,352.0,372.1,349.7,340.8,335.1,349.3,362.6,426.1,463.9,...
..Pocitni?ki paketi,Letna sprememba obsega (%),...,5.7,12.1,1.5,-2.1,4.1,-4.9,0.2,-0.9,-1.9,2.4,1.8,15.2,5.7,-9.0,1.7,5.7,-6.0,-2.5,-1.7,4.2,3.8,17.5,8.9,...
Izobra?evanje,Tekoce cene (mio EUR),55.9,61.7,70.5,75.8,81.6,95.1,106.2,120.8,133.8,155.4,181.2,196.0,239.2,246.9,249.8,251.1,259.4,277.0,278.5,282.2,282.6,287.6,292.7,314.9,...
Izobra?evanje,Tekoce cene (% od izdatkov gospodinjstev za koncno potro?njo po domacem konceptu),0.9,0.8,0.9,0.8,0.8,0.9,0.9,0.9,0.9,1.0,1.1,1.2,1.3,1.2,1.2,1.2,1.2,1.3,1.3,1.3,1.3,1.3,1.2,1.3,-
Izobra?evanje,Stalne cene predhodnega leta (mio EUR),...,55.1,62.8,71.9,75.6,87.3,99.1,110.3,127.7,144.3,168.4,189.8,235.3,231.7,242.0,248.5,255.4,269.3,272.1,281.7,280.3,287.0,289.4,306.0,...
Izobra?evanje,"Stalne cene, referencno leto 2010 (mio EUR)",144.9,142.8,145.3,148.2,147.8,158.1,164.9,171.2,181.0,195.2,211.6,221.6,266.0,257.7,252.5,251.1,255.4,265.1,260.4,263.4,261.7,265.7,267.5,279.6,...
Izobra?evanje,Letna sprememba obsega (%),...,-1.5,1.7,2.1,-0.3,7.0,4.2,3.9,5.7,7.9,8.4,4.7,20.0,-3.2,-2.0,-0.6,1.7,3.8,-1.8,1.2,-0.7,1.5,0.6,4.5,...
..Predprimarno in primarno izobra?evanje,Tekoce cene (mio EUR),19.3,21.3,24.4,26.3,28.3,32.7,34.5,38.1,42.5,51.7,55.4,62.7,73.4,79.4,81.1,81.7,86.0,97.0,100.3,105.8,105.2,106.2,109.4,115.6,...
..Predprimarno in primarno izobra?evanje,Tekoce cene (% od izdatkov gospodinjstev za koncno potro?njo po domacem konceptu),0.3,0.3,0.3,0.3,0.3,0.3,0.3,0.3,0.3,0.3,0.3,0.4,0.4,0.4,0.4,0.4,0.4,0.4,0.5,0.5,0.5,0.5,0.5,0.5,-
..Predprimarno in primarno izobra?evanje,Stalne cene predhodnega leta (mio EUR),...,19.1,21.7,24.9,26.2,30.1,32.1,34.4,37.6,47.3,51.4,59.7,70.1,72.2,78.8,81.3,85.8,93.1,95.7,106.0,105.2,106.3,108.7,113.6,...
..Predprimarno in primarno izobra?evanje,"Stalne cene, referencno leto 2010 (mio EUR)",59.6,58.8,59.9,61.2,61.1,64.8,63.5,63.4,62.6,69.8,69.4,74.7,83.5,82.1,81.5,81.7,85.8,92.9,91.7,96.9,96.3,97.3,99.7,103.5,...
..Predprimarno in primarno izobra?evanje,Letna sprememba obsega (%),...,-1.5,1.9,2.2,-0.2,6.2,-2.0,-0.3,-1.1,11.4,-0.6,7.7,11.7,-1.7,-0.7,0.2,5.0,8.3,-1.3,5.7,-0.6,1.0,2.4,3.8,...
..Sekundarno izobra?evanje,Tekoce cene (mio EUR),5.3,5.9,6.7,7.2,7.8,9.1,9.8,11.6,13.4,16.3,19.9,21.3,24.7,24.5,25.2,25.4,25.6,27.1,26.7,26.7,27.3,28.2,28.2,28.9,...
..Sekundarno izobra?evanje,Tekoce cene (% od izdatkov gospodinjstev za koncno potro?njo po domacem konceptu),0.1,0.1,0.1,0.1,0.1,0.1,0.1,0.1,0.1,0.1,0.1,0.1,0.1,0.1,0.1,0.1,0.1,0.1,0.1,0.1,0.1,0.1,0.1,0.1,-
..Sekundarno izobra?evanje,Stalne cene predhodnega leta (mio EUR),...,5.3,6.0,6.9,7.2,8.3,8.9,10.5,11.2,15.2,18.6,20.6,24.3,23.3,24.4,25.1,25.2,26.4,26.2,26.6,27.0,28.2,27.9,28.0,...
..Sekundarno izobra?evanje,"Stalne cene, referencno leto 2010 (mio EUR)",15.9,15.7,15.9,16.3,16.3,17.4,17.0,18.3,17.8,20.2,23.0,23.9,27.3,25.7,25.6,25.4,25.2,25.9,25.0,24.9,25.2,26.1,25.7,25.5,...
..Sekundarno izobra?evanje,Letna sprememba obsega (%),...,-1.5,1.9,2.2,-0.2,6.8,-2.1,7.8,-2.8,13.3,14.0,3.6,14.2,-5.7,-0.5,-0.7,-0.8,2.9,-3.5,-0.5,1.4,3.3,-1.2,-0.8,...
..Postsekundarno neterciarno in terciarno izobra?evanje,Tekoce cene (mio EUR),16.6,18.3,20.9,22.6,24.3,29.1,33.1,39.5,43.9,47.4,59.9,63.5,82.1,81.1,81.8,85.2,85.8,86.2,84.0,79.7,80.0,80.4,81.4,86.3,...
..Postsekundarno neterciarno in terciarno izobra?evanje,Tekoce cene (% od izdatkov gospodinjstev za koncno potro?njo po domacem konceptu),0.3,0.2,0.3,0.3,0.2,0.3,0.3,0.3,0.3,0.3,0.4,0.4,0.4,0.4,0.4,0.4,0.4,0.4,0.4,0.4,0.4,0.4,0.3,0.3,-
..Postsekundarno neterciarno in terciarno izobra?evanje,Stalne cene predhodnega leta (mio EUR),...,16.4,18.7,21.4,22.5,26.7,31.0,36.6,45.8,44.1,55.9,61.6,80.6,77.1,78.8,81.6,83.4,85.1,83.4,78.8,79.5,80.4,79.4,81.3,...
..Postsekundarno neterciarno in terciarno izobra?evanje,"Stalne cene, referencno leto 2010 (mio EUR)",39.4,38.8,39.5,40.4,40.3,44.3,47.3,52.2,60.5,60.7,71.7,73.7,93.6,87.8,85.4,85.2,83.4,82.7,80.0,75.0,74.8,75.2,74.2,74.1,...
..Postsekundarno neterciarno in terciarno izobra?evanje,Letna sprememba obsega (%),...,-1.5,1.9,2.2,-0.2,9.8,6.7,10.5,15.8,0.5,18.1,2.8,26.9,-6.1,-2.8,-0.2,-2.2,-0.8,-3.3,-6.2,-0.3,0.6,-1.3,-0.1,...
"..Izobra?evanje, ki ni opredeljivo po stopnji",Tekoce cene (mio EUR),14.7,16.2,18.4,19.7,21.2,24.2,28.8,31.7,33.9,40.0,46.0,48.5,59.0,62.0,61.7,58.8,62.1,66.6,67.4,70.0,70.2,72.7,73.7,84.0,...
"..Izobra?evanje, ki ni opredeljivo po stopnji",Tekoce cene (% od izdatkov gospodinjstev za koncno potro?njo po domacem konceptu),0.2,0.2,0.2,0.2,0.2,0.2,0.2,0.2,0.2,0.3,0.3,0.3,0.3,0.3,0.3,0.3,0.3,0.3,0.3,0.3,0.3,0.3,0.3,0.3,-
"..Izobra?evanje, ki ni opredeljivo po stopnji",Stalne cene predhodnega leta (mio EUR),...,14.5,16.4,18.7,19.6,22.2,27.1,28.8,33.0,37.7,42.5,47.9,60.3,59.1,59.9,60.5,61.1,64.8,66.8,70.3,68.6,72.1,73.4,83.1,...
"..Izobra?evanje, ki ni opredeljivo po stopnji","Stalne cene, referencno leto 2010 (mio EUR)",32.7,32.3,32.7,33.2,33.1,34.7,38.9,38.9,40.5,45.0,47.7,49.7,61.8,62.0,60.0,58.8,61.1,63.7,63.9,66.6,65.3,67.1,67.7,76.3,...
"..Izobra?evanje, ki ni opredeljivo po stopnji",Letna sprememba obsega (%),...,-1.4,1.3,1.6,-0.5,4.9,12.1,-0.1,4.3,11.0,6.1,4.2,24.4,0.2,-3.3,-1.9,3.8,4.3,0.3,4.3,-1.9,2.7,1.0,12.7,...
Restavracije in hoteli,Tekoce cene (mio EUR),439.4,498.8,566.5,619.1,653.4,695.5,786.6,856.8,961.9,1025.0,1062.7,1094.8,1283.8,1441.4,1415.2,1410.5,1402.7,1457.1,1420.0,1486.6,1505.0,1657.2,1785.6,1921.4,...
Restavracije in hoteli,Tekoce cene (% od izdatkov gospodinjstev za koncno potro?njo po domacem konceptu),6.9,6.8,6.9,6.9,6.5,6.4,6.5,6.4,6.6,6.7,6.5,6.5,6.9,7.1,6.9,6.6,6.4,6.7,6.6,6.9,6.8,7.3,7.5,7.7,-
Restavracije in hoteli,Stalne cene predhodnega leta (mio EUR),...,445.3,514.4,569.2,623.6,660.5,749.3,785.0,893.6,976.2,1021.2,1052.8,1204.6,1320.7,1357.2,1414.9,1494.1,1398.1,1372.9,1469.9,1498.2,1623.5,1763.7,1868.5,...
Restavracije in hoteli,"Stalne cene, referencno leto 2010 (mio EUR)",1102.4,1117.2,1152.2,1157.6,1166.0,1178.7,1269.7,1267.2,1321.6,1341.2,1336.2,1323.8,1456.5,1498.4,1410.8,1410.5,1494.1,1489.2,1403.2,1452.5,1463.8,1579.2,1680.7,1758.7,...
Restavracije in hoteli,Letna sprememba obsega (%),...,1.3,3.1,0.5,0.7,1.1,7.7,-0.2,4.3,1.5,-0.4,-0.9,10.0,2.9,-5.8,0.0,5.9,-0.3,-5.8,3.5,0.8,7.9,6.4,4.6,...
..Gostinske storitve,Tekoce cene (mio EUR),355.8,407.4,465.2,510.1,531.8,558.2,627.8,679.0,750.8,778.8,811.0,841.9,961.0,1090.7,1067.2,1081.8,1057.1,1103.0,1072.0,1136.8,1149.5,1245.1,1312.1,1408.4,...
..Gostinske storitve,Tekoce cene (% od izdatkov gospodinjstev za koncno potro?njo po domacem konceptu),5.6,5.5,5.6,5.7,5.3,5.1,5.2,5.1,5.2,5.1,5.0,5.0,5.1,5.4,5.2,5.1,4.9,5.1,5.0,5.3,5.2,5.5,5.5,5.6,-
..Gostinske storitve,Stalne cene predhodnega leta (mio EUR),...,362.5,420.6,467.0,509.7,533.7,590.2,623.2,706.8,746.3,779.6,809.2,893.0,990.4,1022.6,1093.0,1151.9,1049.3,1022.4,1122.2,1145.6,1236.6,1299.5,1371.0,...
..Gostinske storitve,"Stalne cene, referencno leto 2010 (mio EUR)",897.1,913.9,943.6,947.3,946.6,950.0,1004.6,997.2,1038.1,1031.9,1033.0,1030.6,1093.2,1126.6,1056.4,1081.8,1151.9,1143.4,1059.9,1109.5,1118.1,1202.8,1255.4,1311.7,...
..Gostinske storitve,Letna sprememba obsega (%),...,1.9,3.2,0.4,-0.1,0.4,5.7,-0.7,4.1,-0.6,0.1,-0.2,6.1,3.1,-6.2,2.4,6.5,-0.7,-7.3,4.7,0.8,7.6,4.4,4.5,...
..Nastanitvene storitve,Tekoce cene (mio EUR),83.6,91.4,101.4,109.1,121.5,137.4,158.8,177.9,211.1,246.2,251.7,252.9,322.8,350.8,348.0,328.7,345.6,354.0,348.0,349.8,355.4,412.1,473.5,512.9,...
..Nastanitvene storitve,Tekoce cene (% od izdatkov gospodinjstev za koncno potro?njo po domacem konceptu),1.3,1.2,1.2,1.2,1.2,1.3,1.3,1.3,1.5,1.6,1.6,1.5,1.7,1.7,1.7,1.5,1.6,1.6,1.6,1.6,1.6,1.8,2.0,2.0,-
..Nastanitvene storitve,Stalne cene predhodnega leta (mio EUR),...,82.8,93.8,102.2,113.9,126.7,159.0,161.8,186.8,229.9,241.6,243.7,311.6,330.3,334.6,322.0,342.1,348.8,350.5,347.7,352.6,386.9,464.2,497.5,...
..Nastanitvene storitve,"Stalne cene, referencno leto 2010 (mio EUR)",206.5,204.6,209.9,211.7,221.1,230.6,266.9,272.0,285.7,311.1,305.2,295.5,364.0,372.5,355.3,328.7,342.1,345.4,341.9,341.6,344.3,374.8,422.3,443.7,...
..Nastanitvene storitve,Letna sprememba obsega (%),...,-0.9,2.6,0.9,4.4,4.3,15.8,1.9,5.0,8.9,-1.9,-3.2,23.2,2.3,-4.6,-7.5,4.1,0.9,-1.0,-0.1,0.8,8.9,12.7,5.1,...
Raznovrstno blago in storitve,Tekoce cene (mio EUR),526.6,644.2,715.6,741.7,915.9,923.7,962.5,1153.4,1312.1,1401.9,1501.1,1615.6,1852.1,1977.3,1967.2,2069.0,2222.5,2147.6,2069.9,2097.7,2214.4,2227.4,2361.4,2549.3,...
Raznovrstno blago in storitve,Tekoce cene (% od izdatkov gospodinjstev za koncno potro?njo po domacem konceptu),8.3,8.8,8.7,8.3,9.1,8.5,8.0,8.7,9.1,9.1,9.2,9.6,9.9,9.8,9.5,9.7,10.2,9.9,9.7,9.7,10.1,9.8,9.9,10.2,-
Raznovrstno blago in storitve,Stalne cene predhodnega leta (mio EUR),...,571.0,681.3,749.4,825.8,919.4,945.1,1020.6,1193.6,1364.5,1483.8,1563.5,1698.8,1892.3,2054.0,2014.7,2118.5,2214.4,2067.6,2102.8,2202.5,2295.4,2307.5,2478.2,...
Raznovrstno blago in storitve,"Stalne cene, referencno leto 2010 (mio EUR)",1047.7,1136.2,1201.6,1258.3,1401.0,1406.3,1438.9,1525.8,1579.0,1642.1,1738.0,1810.3,1903.4,1944.8,2020.2,2069.0,2118.5,2110.8,2032.2,2064.5,2167.7,2247.0,2327.8,2442.9,...
Raznovrstno blago in storitve,Letna sprememba obsega (%),...,8.4,5.8,4.7,11.3,0.4,2.3,6.0,3.5,4.0,5.8,4.2,5.1,2.2,3.9,2.4,2.4,-0.4,-3.7,1.6,5.0,3.7,3.6,4.9,...
..Osebna nega,Tekoce cene (mio EUR),127.1,143.9,162.7,179.4,219.7,241.5,272.6,298.6,339.0,353.5,366.0,357.6,393.7,396.7,457.2,535.4,538.6,541.6,499.9,551.2,566.5,602.8,654.6,712.4,...
..Osebna nega,Tekoce cene (% od izdatkov gospodinjstev za koncno potro?njo po domacem konceptu),2.0,2.0,2.0,2.0,2.2,2.2,2.3,2.2,2.3,2.3,2.3,2.1,2.1,2.0,2.2,2.5,2.5,2.5,2.3,2.5,2.6,2.6,2.8,2.8,-
..Osebna nega,Stalne cene predhodnega leta (mio EUR),...,129.8,152.6,171.2,209.0,219.8,259.0,278.7,320.8,345.9,364.0,352.2,381.4,381.6,444.7,531.2,529.6,530.4,495.9,547.4,566.9,602.3,653.0,708.9,...
..Osebna nega,"Stalne cene, referencno leto 2010 (mio EUR)",251.3,256.7,272.2,286.4,333.6,333.8,357.9,365.8,393.0,401.1,413.1,397.6,424.0,411.0,460.8,535.4,529.6,521.6,477.6,522.9,537.8,571.8,619.4,670.8,...
..Osebna nega,Letna sprememba obsega (%),...,2.1,6.0,5.2,16.5,0.1,7.2,2.2,7.4,2.1,3.0,-3.8,6.7,-3.1,12.1,16.2,-1.1,-1.5,-8.4,9.5,2.8,6.3,8.3,8.3,...
..Prostitucija,Tekoce cene (mio EUR),34.1,38.1,41.0,42.8,45.9,49.4,53.6,54.6,52.0,41.9,46.7,58.2,65.9,67.3,64.7,81.3,98.5,79.8,80.7,69.2,86.5,73.4,80.6,77.9,...
..Prostitucija,Tekoce cene (% od izdatkov gospodinjstev za koncno potro?njo po domacem konceptu),0.5,0.5,0.5,0.5,0.5,0.5,0.4,0.4,0.4,0.3,0.3,0.3,0.4,0.3,0.3,0.4,0.5,0.4,0.4,0.3,0.4,0.3,0.3,0.3,-
..Prostitucija,Stalne cene predhodnega leta (mio EUR),...,34.4,38.5,41.4,44.2,49.4,53.6,54.6,53.9,39.2,41.4,48.0,59.9,67.3,67.8,81.3,82.7,95.0,80.7,80.7,69.2,82.5,71.6,79.7,...
..Prostitucija,"Stalne cene, referencno leto 2010 (mio EUR)",63.9,64.6,65.2,66.0,68.1,73.3,79.5,80.9,79.9,60.3,59.5,61.1,62.9,64.3,64.7,81.3,82.7,79.8,80.7,80.7,80.7,77.0,75.2,74.4,...
..Prostitucija,Letna sprememba obsega (%),...,1.0,1.0,1.1,3.3,7.6,8.5,1.8,-1.2,-24.6,-1.3,2.8,2.8,2.2,0.7,25.6,1.7,-3.5,1.1,0.0,0.0,-4.6,-2.3,-1.1,...
..Predmeti za osebno nego,Tekoce cene (mio EUR),38.3,42.0,48.4,51.6,54.8,55.6,59.9,64.8,78.0,83.4,82.0,82.2,88.3,95.9,78.2,82.8,93.8,104.0,85.3,83.9,76.8,97.7,109.0,104.9,...
..Predmeti za osebno nego,Tekoce cene (% od izdatkov gospodinjstev za koncno potro?njo po domacem konceptu),0.6,0.6,0.6,0.6,0.5,0.5,0.5,0.5,0.5,0.5,0.5,0.5,0.5,0.5,0.4,0.4,0.4,0.5,0.4,0.4,0.3,0.4,0.5,0.4,-
..Predmeti za osebno nego,Stalne cene predhodnega leta (mio EUR),...,37.8,45.0,49.4,53.1,51.9,55.9,59.7,72.6,80.7,81.0,76.6,84.5,87.8,76.5,79.5,89.0,99.5,83.2,84.3,76.9,97.2,109.0,105.6,...
..Predmeti za osebno nego,"Stalne cene, referencno leto 2010 (mio EUR)",90.2,88.9,95.1,97.1,99.9,94.5,95.1,94.9,106.4,110.1,106.9,99.8,102.7,102.1,81.5,82.8,89.0,94.4,75.5,74.6,68.4,86.6,96.7,93.6,...
..Predmeti za osebno nego,Letna sprememba obsega (%),...,-1.4,6.9,2.1,2.9,-5.4,0.6,-0.2,12.1,3.4,-2.9,-6.7,2.9,-0.6,-20.2,1.7,7.5,6.0,-20.0,-1.2,-8.4,26.6,11.6,-3.1,...
..Socialna za?cita,Tekoce cene (mio EUR),44.2,51.1,57.8,61.4,69.4,73.5,81.1,90.1,97.3,107.1,110.8,115.4,101.6,119.0,142.6,136.5,149.7,147.8,142.5,162.5,180.2,192.8,190.1,207.5,...
..Socialna za?cita,Tekoce cene (% od izdatkov gospodinjstev za koncno potro?njo po domacem konceptu),0.7,0.7,0.7,0.7,0.7,0.7,0.7,0.7,0.7,0.7,0.7,0.7,0.5,0.6,0.7,0.6,0.7,0.7,0.7,0.8,0.8,0.8,0.8,0.8,-
..Socialna za?cita,Stalne cene predhodnega leta (mio EUR),...,45.4,52.7,56.8,69.1,67.8,75.2,81.7,88.5,103.1,107.8,111.8,98.1,111.2,135.6,133.3,147.6,143.1,140.1,162.4,180.2,191.7,188.6,202.1,...
..Socialna za?cita,"Stalne cene, referencno leto 2010 (mio EUR)",110.6,113.7,117.2,115.3,129.7,126.7,129.5,130.4,128.1,135.7,136.5,137.8,117.2,128.2,146.1,136.5,147.6,141.1,133.8,152.4,169.0,179.8,175.8,186.9,...
..Socialna za?cita,Letna sprememba obsega (%),...,2.8,3.1,-1.6,12.5,-2.3,2.2,0.7,-1.7,5.9,0.6,1.0,-15.0,9.5,13.9,-6.6,8.2,-4.4,-5.2,13.9,10.9,6.4,-2.2,6.3,...
..Zavarovanje,Tekoce cene (mio EUR),100.5,123.5,139.9,163.3,205.4,172.8,169.9,234.2,266.9,283.3,352.4,382.8,431.7,452.9,475.5,527.8,584.5,579.5,614.7,498.9,570.0,543.0,557.1,624.8,...
..Zavarovanje,Tekoce cene (% od izdatkov gospodinjstev za koncno potro?njo po domacem konceptu),1.6,1.7,1.7,1.8,2.0,1.6,1.4,1.8,1.8,1.8,2.2,2.3,2.3,2.2,2.3,2.5,2.7,2.7,2.9,2.3,2.6,2.4,2.3,2.5,-
..Zavarovanje,Stalne cene predhodnega leta (mio EUR),...,110.4,127.3,146.1,177.1,189.7,167.4,173.6,245.2,281.9,331.7,399.5,419.3,460.2,434.7,468.3,562.0,607.1,575.1,587.9,566.6,594.2,560.0,577.7,...
..Zavarovanje,"Stalne cene, referencno leto 2010 (mio EUR)",277.9,305.1,314.5,328.6,356.4,329.2,318.9,326.0,341.3,360.5,421.9,478.3,523.9,558.5,536.0,527.8,562.0,583.6,579.2,554.0,629.2,655.9,676.5,701.5,...
..Zavarovanje,Letna sprememba obsega (%),...,9.8,3.1,4.5,8.5,-7.6,-3.1,2.2,4.7,5.6,17.1,13.4,9.5,6.6,-4.0,-1.5,6.5,3.9,-0.8,-4.4,13.6,4.2,3.1,3.7,...
..Financne storitve,Tekoce cene (mio EUR),121.7,173.2,181.1,150.8,220.7,219.8,208.8,271.2,331.3,369.4,385.0,453.1,590.6,659.5,547.8,513.5,553.5,484.7,438.4,522.5,516.3,480.7,525.8,564.7,...
..Financne storitve,Tekoce cene (% od izdatkov gospodinjstev za koncno potro?njo po domacem konceptu),1.9,2.4,2.2,1.7,2.2,2.0,1.7,2.0,2.3,2.4,2.4,2.7,3.2,3.3,2.7,2.4,2.5,2.2,2.1,2.4,2.3,2.1,2.2,2.3,-
..Financne storitve,Stalne cene predhodnega leta (mio EUR),...,147.6,188.2,198.2,180.6,238.5,226.4,242.7,273.1,359.2,404.4,410.0,477.7,603.3,696.3,533.2,508.2,535.5,486.0,431.7,524.9,506.2,490.7,547.1,...
..Financne storitve,"Stalne cene, referencno leto 2010 (mio EUR)",163.1,197.8,215.0,235.2,281.6,304.3,313.4,364.3,366.8,397.7,435.5,463.8,489.1,499.6,527.6,513.5,508.2,491.6,492.9,485.4,487.6,478.1,488.0,507.8,...
..Financne storitve,Letna sprememba obsega (%),...,21.3,8.7,9.4,19.7,8.1,3.0,16.2,0.7,8.4,9.5,6.5,5.4,2.2,5.6,-2.7,-1.0,-3.3,0.3,-1.5,0.4,-1.9,2.1,4.0,...
..Druge storitve,Tekoce cene (mio EUR),60.6,72.4,84.7,92.3,100.0,111.0,116.6,139.9,147.6,163.3,158.2,166.4,180.4,185.9,201.1,191.6,203.9,210.1,208.4,209.3,218.1,237.1,244.2,257.1,...
..Druge storitve,Tekoce cene (% od izdatkov gospodinjstev za koncno potro?njo po domacem konceptu),1.0,1.0,1.0,1.0,1.0,1.0,1.0,1.1,1.0,1.1,1.0,1.0,1.0,0.9,1.0,0.9,0.9,1.0,1.0,1.0,1.0,1.0,1.0,1.0,-
..Druge storitve,Stalne cene predhodnega leta (mio EUR),...,65.6,77.1,86.1,92.7,102.3,107.7,129.6,139.4,154.5,153.6,165.3,177.9,180.9,198.3,187.9,199.3,203.9,206.5,208.3,217.9,221.2,234.6,257.1,...
..Druge storitve,"Stalne cene, referencno leto 2010 (mio EUR)",135.0,146.1,155.5,158.1,158.7,162.4,157.5,175.1,174.5,182.6,171.8,179.4,191.8,192.3,205.1,191.6,199.3,199.4,196.0,195.9,203.9,206.8,204.6,215.4,...
..Druge storitve,Letna sprememba obsega (%),...,8.2,6.5,1.7,0.4,2.3,-3.0,11.2,-0.3,4.6,-5.9,4.5,6.9,0.3,6.7,-6.6,4.0,0.0,-1.7,0.0,4.1,1.4,-1.1,5.3,...
Skupaj izdatki gospodinjstev za koncno potro?njo - domaci koncept,Tekoce cene (mio EUR),6377.8,7349.5,8256.3,8980.5,10075.9,10911.9,12103.7,13305.4,14473.5,15350.3,16231.2,16837.1,18660.6,20238.3,20609.0,21248.3,21760.0,21758.5,21383.2,21645.7,21989.9,22804.7,23741.8,25073.3,26143.7
Skupaj izdatki gospodinjstev za koncno potro?njo - domaci koncept,Tekoce cene (% od izdatkov gospodinjstev za koncno potro?njo po domacem konceptu),100.0,100.0,100.0,100.0,100.0,100.0,100.0,100.0,100.0,100.0,100.0,100.0,100.0,100.0,100.0,100.0,100.0,100.0,100.0,100.0,100.0,100.0,100.0,100.0,100.0
Skupaj izdatki gospodinjstev za koncno potro?njo - domaci koncept,Stalne cene predhodnega leta (mio EUR),...,6615.4,7619.0,8408.7,9471.0,10147.8,11253.5,12347.5,13720.3,14911.3,15874.2,16443.1,17932.5,19186.0,20418.9,20944.6,21376.3,21385.5,20919.2,21702.9,22082.4,22909.6,23313.1,24502.3,25652.3
Skupaj izdatki gospodinjstev za koncno potro?njo - domaci koncept,"Stalne cene, referencno leto 2010 (mio EUR)",13894.1,14411.9,14940.4,15216.2,16047.3,16161.8,16667.7,17003.4,17533.5,18063.9,18680.4,18924.3,20155.5,20723.0,20907.9,21248.3,21376.3,21008.4,20198.0,20499.9,20913.5,21788.2,22273.9,22987.4,23518.2
Skupaj izdatki gospodinjstev za koncno potro?njo - domaci koncept,Letna sprememba obsega (%),...,3.7,3.7,1.8,5.5,0.7,3.1,2.0,3.1,3.0,3.4,1.3,6.5,2.8,0.9,1.6,0.6,-1.7,-3.9,1.5,2.0,4.2,2.2,3.2,2.3
..Trajne dobrine,Tekoce cene (mio EUR),834.6,892.7,960.6,1047.8,1211.0,1176.2,1228.5,1352.1,1521.8,1692.8,1733.9,1800.9,2055.5,2215.5,2029.6,2055.7,1936.2,1703.8,1557.3,1646.2,1779.2,1970.1,2215.2,2316.7,...
..Trajne dobrine,Tekoce cene (% od izdatkov gospodinjstev za koncno potro?njo po domacem konceptu),13.1,12.1,11.6,11.7,12.0,10.8,10.1,10.2,10.5,11.0,10.7,10.7,11.0,10.9,9.8,9.7,8.9,7.8,7.3,7.6,8.1,8.6,9.3,9.2,...
..Trajne dobrine,Stalne cene predhodnega leta (mio EUR),...,816.8,924.1,1007.1,1173.9,1064.2,1176.2,1305.6,1483.4,1668.0,1783.5,1864.5,2087.0,2195.9,2076.5,2172.2,1976.8,1737.5,1597.9,1680.6,1814.3,2002.8,2256.4,2372.7,...
..Trajne dobrine,"Stalne cene, referencno leto 2010 (mio EUR)",1093.3,1070.0,1107.7,1161.3,1301.2,1143.4,1143.4,1215.2,1333.2,1461.2,1539.5,1655.4,1918.3,2049.3,1920.7,2055.7,1976.8,1774.0,1663.7,1795.4,1978.9,2227.6,2551.3,2732.7,...
..Trajne dobrine,Letna sprememba obsega (%),...,-2.1,3.5,4.8,12.0,-12.1,0.0,6.3,9.7,9.6,5.4,7.5,15.9,6.8,-6.3,7.0,-3.8,-10.3,-6.2,7.9,10.2,12.6,14.5,7.1,...
..Poltrajne dobrine,Tekoce cene (mio EUR),652.4,721.1,804.2,889.8,1004.4,1079.6,1213.1,1277.2,1396.4,1423.8,1479.2,1471.3,1682.4,1740.8,1776.4,1856.3,1913.6,1855.1,1722.4,1811.3,1803.4,2037.2,2080.6,2172.7,...
..Poltrajne dobrine,Tekoce cene (% od izdatkov gospodinjstev za koncno potro?njo po domacem konceptu),10.2,9.8,9.7,9.9,10.0,9.9,10.0,9.6,9.6,9.3,9.1,8.7,9.0,8.6,8.6,8.7,8.8,8.5,8.1,8.4,8.2,8.9,8.8,8.7,-
..Poltrajne dobrine,Stalne cene predhodnega leta (mio EUR),...,672.7,751.9,843.7,953.7,1016.5,1178.1,1226.0,1313.1,1393.9,1468.3,1472.2,1646.9,1662.2,1775.8,1888.1,1923.6,1862.3,1721.8,1838.3,1813.0,2045.9,2085.2,2155.7,...
..Poltrajne dobrine,"Stalne cene, referencno leto 2010 (mio EUR)",1089.2,1123.1,1171.1,1228.6,1316.7,1332.6,1454.2,1469.7,1511.0,1508.2,1555.4,1548.1,1732.9,1712.1,1746.5,1856.3,1923.6,1872.1,1737.5,1854.4,1856.2,2105.7,2155.3,2233.1,...
..Poltrajne dobrine,Letna sprememba obsega (%),...,3.1,4.3,4.9,7.2,1.2,9.1,1.1,2.8,-0.2,3.1,-0.5,11.9,-1.2,2.0,6.3,3.6,-2.7,-7.2,6.7,0.1,13.4,2.4,3.6,...
..Netrajne dobrine,Tekoce cene (mio EUR),2431.6,2782.7,3159.7,3421.8,3790.5,4235.2,4776.1,5142.8,5558.3,5744.4,6071.2,6268.8,6823.7,7561.5,7877.4,8418.1,8856.4,9204.0,8995.0,9016.8,8832.3,8959.9,9150.7,9633.2,...
..Netrajne dobrine,Tekoce cene (% od izdatkov gospodinjstev za koncno potro?njo po domacem konceptu),38.1,37.9,38.3,38.1,37.6,38.8,39.5,38.7,38.4,37.4,37.4,37.2,36.6,37.4,38.2,39.6,40.7,42.3,42.1,41.7,40.2,39.3,38.5,38.4,-
..Netrajne dobrine,Stalne cene predhodnega leta (mio EUR),...,2532.5,2860.5,3144.0,3572.2,3889.4,4341.7,4789.6,5266.9,5631.8,5865.3,6018.7,6504.0,7065.7,7906.0,7925.4,8384.8,8726.1,8745.8,9034.0,9047.3,9090.2,8894.2,9342.7,...
..Netrajne dobrine,"Stalne cene, referencno leto 2010 (mio EUR)",6045.5,6296.4,6472.5,6440.2,6723.2,6898.5,7072.0,7092.0,7263.2,7359.2,7514.1,7449.0,7728.5,8002.6,8367.2,8418.1,8384.8,8261.5,7850.2,7884.3,7910.9,8142.0,8082.3,8251.9,...
..Netrajne dobrine,Letna sprememba obsega (%),...,4.1,2.8,-0.5,4.4,2.6,2.5,0.3,2.4,1.3,2.1,-0.9,3.8,3.5,4.6,0.6,-0.4,-1.5,-5.0,0.4,0.3,2.9,-0.7,2.1,...
..Storitve,Tekoce cene (mio EUR),2459.2,2953.0,3331.8,3621.1,4070.0,4420.9,4886.1,5533.3,5996.9,6489.3,6946.8,7296.1,8099.0,8720.4,8925.7,8918.2,9053.9,8995.6,9108.5,9171.4,9575.0,9837.5,10295.3,10950.8,...
..Storitve,Tekoce cene (% od izdatkov gospodinjstev za koncno potro?njo po domacem konceptu),38.6,40.2,40.4,40.3,40.4,40.5,40.4,41.6,41.4,42.3,42.8,43.3,43.4,43.1,43.3,42.0,41.6,41.3,42.6,42.4,43.5,43.1,43.4,43.7,-
..Storitve,Stalne cene predhodnega leta (mio EUR),...,2593.4,3082.5,3414.0,3771.3,4177.7,4557.5,5026.2,5656.8,6217.6,6757.1,7087.7,7694.7,8262.1,8660.6,8959.0,9091.1,9059.6,8853.7,9150.0,9407.7,9770.7,10077.3,10631.2,...
..Storitve,"Stalne cene, referencno leto 2010 (mio EUR)",5774.8,6090.0,6356.9,6513.6,6783.8,6963.3,7178.5,7384.4,7549.4,7827.2,8150.2,8315.5,8769.8,8946.5,8885.1,8918.2,9091.1,9096.8,8953.3,8994.0,9225.8,9414.3,9643.7,9958.3,...
..Storitve,Letna sprememba obsega (%),...,5.5,4.4,2.5,4.1,2.6,3.1,2.9,2.2,3.7,4.1,2.0,5.5,2.0,-0.7,0.4,1.9,0.1,-1.6,0.5,2.6,2.0,2.4,3.3,...
Plus: Nakupi rezidentov v tujini,Tekoce cene (mio EUR),256.1,307.3,306.2,337.4,361.0,403.5,461.0,489.5,526.5,560.7,472.9,538.5,604.1,695.6,851.2,802.9,868.7,797.8,813.6,830.1,808.4,877.9,995.6,990.6,1021.5
Plus: Nakupi rezidentov v tujini,Tekoce cene (% od izdatkov gospodinjstev za koncno potro?njo po domacem konceptu),4.0,4.2,3.7,3.8,3.6,3.7,3.8,3.7,3.6,3.7,2.9,3.2,3.2,3.4,4.1,3.8,4.0,3.7,3.8,3.8,3.7,3.8,4.2,4.0,3.9
Plus: Nakupi rezidentov v tujini,Stalne cene predhodnega leta (mio EUR),...,271.1,282.9,322.5,343.3,373.2,425.4,460.4,501.2,539.8,461.4,527.1,590.5,671.8,843.9,787.5,843.1,777.2,801.6,825.6,808.5,875.8,978.7,972.3,1005.4
Plus: Nakupi rezidentov v tujini,"Stalne cene, referencno leto 2010 (mio EUR)",536.0,567.3,522.1,550.0,559.7,578.6,610.0,609.1,623.8,639.5,526.3,586.6,643.2,715.3,867.8,802.9,843.1,754.3,757.9,769.1,749.0,811.4,904.6,883.5,896.7
Plus: Nakupi rezidentov v tujini,Letna sprememba obsega (%),...,5.8,-8.0,5.3,1.8,3.4,5.4,-0.1,2.4,2.5,-17.7,11.5,9.6,11.2,21.3,-7.5,5.0,-10.5,0.5,1.5,-2.6,8.3,11.5,-2.3,1.5
Minus: Nakupi nerezidentov na domacem trgu,Tekoce cene (mio EUR),534.3,700.3,788.6,754.2,728.5,895.8,1002.4,1079.4,1157.8,1308.4,1450.4,1555.3,1716.2,1885.9,1860.8,1990.8,2041.4,2053.1,2089.8,2136.7,2158.1,2266.1,2518.3,2698.0,2745.9
Minus: Nakupi nerezidentov na domacem trgu,Tekoce cene (% od izdatkov gospodinjstev za koncno potro?njo po domacem konceptu),8.4,9.5,9.6,8.4,7.2,8.2,8.3,8.1,8.0,8.5,8.9,9.2,9.2,9.3,9.0,9.4,9.4,9.4,9.8,9.9,9.8,9.9,10.6,10.8,10.5
Minus: Nakupi nerezidentov na domacem trgu,Stalne cene predhodnega leta (mio EUR),...,604.2,729.1,724.1,690.5,823.2,928.2,989.2,1066.5,1265.4,1407.0,1514.0,1660.4,1817.6,1822.1,1959.0,1992.9,2009.1,2042.9,2100.7,2121.7,2226.6,2457.7,2637.7,2674.9
Minus: Nakupi nerezidentov na domacem trgu,"Stalne cene, referencno leto 2010 (mio EUR)",1248.6,1411.9,1470.1,1350.1,1236.0,1396.6,1447.1,1428.1,1410.9,1542.1,1658.4,1731.0,1848.0,1957.2,1890.9,1990.8,1992.9,1961.4,1951.7,1961.9,1948.1,2009.9,2179.9,2283.2,2263.7
Minus: Nakupi nerezidentov na domacem trgu,Letna sprememba obsega (%),...,13.1,4.1,-8.2,-8.5,13.0,3.6,-1.3,-1.2,9.3,7.5,4.4,6.8,5.9,-3.4,5.3,0.1,-1.6,-0.5,0.5,-0.7,3.2,8.5,4.7,-0.9
Skupaj izdatki gospodinjstev za koncno potro?njo - nacionalni koncept,Tekoce cene (mio EUR),6099.5,6956.6,7774.0,8563.6,9708.4,10419.6,11562.3,12715.5,13842.2,14602.7,15253.6,15820.4,17548.4,19048.0,19599.5,20060.4,20587.3,20503.2,20107.0,20339.1,20640.2,21416.4,22219.1,23365.9,24419.2
Skupaj izdatki gospodinjstev za koncno potro?njo - nacionalni koncept,Tekoce cene (% od izdatkov gospodinjstev za koncno potro?njo po domacem konceptu),95.6,94.7,94.2,95.4,96.4,95.5,95.5,95.6,95.6,95.1,94.0,94.0,94.0,94.1,95.1,94.4,94.6,94.2,94.0,94.0,93.9,93.9,93.6,93.2,93.4
Skupaj izdatki gospodinjstev za koncno potro?njo - nacionalni koncept,Stalne cene predhodnega leta (mio EUR),...,6282.3,7172.8,8007.1,9123.8,9697.8,10750.7,11818.6,13155.0,14185.6,14928.6,15456.3,16862.7,18040.1,19440.7,19773.1,20226.5,20153.6,19677.9,20427.7,20769.2,21558.7,21834.0,22837.0,23982.8
Skupaj izdatki gospodinjstev za koncno potro?njo - nacionalni koncept,"Stalne cene, referencno leto 2010 (mio EUR)",13186.2,13581.2,14003.3,14423.3,15366.7,15350.0,15837.7,16188.8,16748.5,17164.0,17547.1,17780.2,18951.6,19482.6,19884.3,20060.4,20226.5,19800.4,19003.3,19306.4,19714.6,20592.0,20993.5,21577.3,22146.9
Skupaj izdatki gospodinjstev za koncno potro?njo - nacionalni koncept,Letna sprememba obsega (%),...,3.0,3.1,3.0,6.5,-0.1,3.2,2.2,3.5,2.5,2.2,1.3,6.6,2.8,2.1,0.9,0.8,-2.1,-4.0,1.6,2.1,4.5,1.9,2.8,2.6
